<?xml version="1.0" encoding="utf-8"?>
<device_data xmlns:xsi="http://www.w3.org/2001/XMLSchema-instance" xmlns:xsd="http://www.w3.org/2001/XMLSchema">
    <xml_version value="3.3.0"/>
    <dtt_version value="0.1.0.6"/>
    <constant>
        <band_20_freq fs_44100="65,136,223,332,467,634,841,1098,1416,1812,2302,2909,3663,4598,5756,7194,8976,11186,13927,17326" fs_48000="47,141,234,328,469,656,844,1031,1313,1688,2250,3000,3750,4688,5813,7125,9000,11250,13875,19688"/>
        <ieq_detailed target="117,133,188,176,141,149,175,185,185,200,236,242,228,213,182,132,110,68,-27,-240"/>
        <ieq_balanced target="67,95,172,163,168,201,189,242,196,221,192,186,168,139,102,57,35,9,-55,-235"/>
        <ieq_warm target="-419,-112,75,116,113,160,165,80,61,79,98,121,64,70,44,-71,-33,-100,-238,-411"/>
        <array_20_n192 target="-192,-192,-192,-192,-192,-192,-192,-192,-192,-192,-192,-192,-192,-192,-192,-192,-192,-192,-192,-192"/>
        <array_20_zero target="0,0,0,0,0,0,0,0,0,0,0,0,0,0,0,0,0,0,0,0"/>
    </constant>
    <setting>
        <geq_maximum_range value="192"/>
        <product value="DAX 3 Windows"/>
        <sku value="DolbyAtmos"/>
        <operator value="Default"/>
    </setting>
    <endpoint type="headphone" brand="Generic" model="Large" operating_mode="normal" fs="48000" total_count="2">
        <profile type="dynamic">
            <tuning-cp>
                <init-info>
                    <mi_process_disable value="0"/>
                    <virtual_bass_process_enable value="0"/>
                    <mode value="1"/>
                    <max_num_objects value="1"/>
                </init-info>
                <audio-optimizer-enable value="0"/>
                <audio-optimizer-bands>
                    <ch_00 preset="array_20_zero"/>
                    <ch_01 preset="array_20_zero"/>
                    <ch_02 preset="array_20_zero"/>
                    <ch_03 preset="array_20_zero"/>
                    <ch_04 preset="array_20_zero"/>
                    <ch_05 preset="array_20_zero"/>
                    <ch_06 preset="array_20_zero"/>
                    <ch_07 preset="array_20_zero"/>
                    <ch_08 preset="array_20_zero"/>
                    <ch_09 preset="array_20_zero"/>
                </audio-optimizer-bands>
                <bass-enhancer-enable value="0"/>
                <bass-enhancer-boost value="144"/>
                <bass-enhancer-cutoff-frequency value="100"/>
                <bass-enhancer-width value="32"/>
                <bass-extraction-enable value="0"/>
                <bass-extraction-cutoff-frequency value="200"/>
                <calibration-boost value="0"/>
                <dialog-enhancer-enable value="1"/>
                <dialog-enhancer-amount value="10"/>
                <dialog-enhancer-ducking value="0"/>
                <graphic-equalizer-enable value="0"/>
                <graphic-equalizer-bands preset="array_20_zero"/>
                <height-filter-mode value="0"/>
                <ieq-enable value="1"/>
                <ieq-amount value="10"/>
                <ieq-bands-set preset="ieq_detailed"/>
                <mi-dialog-enhancer-steering-enable value="1"/>
                <mi-dv-leveler-steering-enable value="1"/>
                <mi-ieq-steering-enable value="1"/>
                <mi-surround-compressor-steering-enable value="1"/>
                <mi-virt-steering-enable value="1"/>
                <postgain value="0"/>
                <pregain value="0"/>
                <process-optimizer-enable value="0"/>
                <process-optimizer-bands>
                    <ch_00 preset="array_20_zero"/>
                    <ch_01 preset="array_20_zero"/>
                    <ch_02 preset="array_20_zero"/>
                    <ch_03 preset="array_20_zero"/>
                    <ch_04 preset="array_20_zero"/>
                    <ch_05 preset="array_20_zero"/>
                    <ch_06 preset="array_20_zero"/>
                    <ch_07 preset="array_20_zero"/>
                    <ch_08 preset="array_20_zero"/>
                    <ch_09 preset="array_20_zero"/>
                </process-optimizer-bands>
                <regulator-enable value="1"/>
                <regulator-overdrive value="0"/>
                <regulator-relaxation-amount value="96"/>
                <regulator-speaker-dist-enable value="0"/>
                <regulator-timbre-preservation value="12"/>
                <regulator-tuning>
                    <threshold_high preset="array_20_zero"/>
                    <threshold_low preset="array_20_n192"/>
                    <isolated_band preset="array_20_zero"/>
                </regulator-tuning>
                <surround-boost value="96"/>
                <surround-decoder-enable value="1"/>
                <system-gain value="0"/>
                <virtualizer-front-speaker-angle value="10"/>
                <virtualizer-height-speaker-angle value="10"/>
                <virtualizer-surround-speaker-angle value="10"/>
                <virtual-bass-mix-freqs value="94,469"/>
                <virtual-bass-mode value="0"/>
                <virtual-bass-overall-gain value="0"/>
                <virtual-bass-subgains value="-32,-144,-192"/>
                <virtual-bass-slope-gain value="0"/>
                <virtual-bass-src-freqs value="35,160"/>
                <volmax-boost value="64"/>
                <volume-leveler-enable value="1"/>
                <volume-leveler-amount value="7"/>
                <volume-leveler-in-target value="-320"/>
                <volume-leveler-out-target value="-320"/>
                <volume-modeler-enable value="0"/>
                <volume-modeler-calibration value="0"/>
                <output-mode-partial-surround-virtualizer-enable value="1"/>
                <output-mode-partial-height-virtualizer-enable value="1"/>
                <output-mode>
                    <processing_mode value="9"/>
                    <nb_output_channels value="2"/>
                    <mix_matrix value=""/>
                    <output_ports value=""/>
                </output-mode>
            </tuning-cp>
            <tuning-vlldp>
                <audio-optimizer-bands>
                    <ch_00 value="0,0,0,0,0,0,0,0,0,0,0,2,4,6,8,10,12,12,14,16"/>
                    <ch_01 value="0,0,0,0,0,0,0,0,0,0,0,2,4,6,8,10,12,12,14,16"/>
                    <ch_02 value="0,0,0,0,0,0,0,0,0,0,0,2,4,6,8,10,12,12,14,16"/>
                    <ch_03 value="0,0,0,0,0,0,0,0,0,0,0,2,4,6,8,10,12,12,14,16"/>
                    <ch_04 value="0,0,0,0,0,0,0,0,0,0,0,2,4,6,8,10,12,12,14,16"/>
                    <ch_05 value="0,0,0,0,0,0,0,0,0,0,0,2,4,6,8,10,12,12,14,16"/>
                    <ch_06 value="0,0,0,0,0,0,0,0,0,0,0,2,4,6,8,10,12,12,14,16"/>
                    <ch_07 value="0,0,0,0,0,0,0,0,0,0,0,2,4,6,8,10,12,12,14,16"/>
                </audio-optimizer-bands>
                <audio-optimizer-enable value="1"/>
                <filter_coefficients>
                    <filter_setting>
                        <crossover_enable value="0"/>
                        <input_ch_0_1_crossover>
                            <frequency value="100"/>
                            <order value="4"/>
                        </input_ch_0_1_crossover>
                        <woofer_high_pass_filter>
                            <enable value="0"/>
                            <frequency value="100"/>
                            <order value="4"/>
                        </woofer_high_pass_filter>
                        <peaking_filter>
                            <enable value="0"/>
                            <frequency value="100"/>
                            <gain value="0"/>
                            <q value="1.000000"/>
                        </peaking_filter>
                        <polarity_invert value="0"/>
                    </filter_setting>
                    <coefficients>
                        <coefficient>
                            <sample_rate value="44100"/>
                            <array value=""/>
                        </coefficient>
                        <coefficient>
                            <sample_rate value="48000"/>
                            <array value=""/>
                        </coefficient>
                        <coefficient>
                            <sample_rate value="96000"/>
                            <array value=""/>
                        </coefficient>
                        <coefficient>
                            <sample_rate value="192000"/>
                            <array value=""/>
                        </coefficient>
                    </coefficients>
                    <max_num_channels value="2"/>
                </filter_coefficients>
                <postgain value="0"/>
                <regulator-relaxation-amount value="96"/>
                <regulator-overdrive value="0"/>
                <regulator-timbre-preservation value="12"/>
                <regulator-speaker-dist-enable value="0"/>
                <regulator-tuning>
                    <threshold_high preset="array_20_zero"/>
                    <threshold_low preset="array_20_n192"/>
                    <isolated_band preset="array_20_zero"/>
                </regulator-tuning>
                <system-gain value="0"/>
            </tuning-vlldp>
        </profile>
        <profile type="movie">
            <tuning-cp>
                <init-info>
                    <mi_process_disable value="0"/>
                    <virtual_bass_process_enable value="0"/>
                    <mode value="1"/>
                    <max_num_objects value="1"/>
                </init-info>
                <audio-optimizer-enable value="0"/>
                <audio-optimizer-bands>
                    <ch_00 preset="array_20_zero"/>
                    <ch_01 preset="array_20_zero"/>
                    <ch_02 preset="array_20_zero"/>
                    <ch_03 preset="array_20_zero"/>
                    <ch_04 preset="array_20_zero"/>
                    <ch_05 preset="array_20_zero"/>
                    <ch_06 preset="array_20_zero"/>
                    <ch_07 preset="array_20_zero"/>
                    <ch_08 preset="array_20_zero"/>
                    <ch_09 preset="array_20_zero"/>
                </audio-optimizer-bands>
                <bass-enhancer-enable value="0"/>
                <bass-enhancer-boost value="144"/>
                <bass-enhancer-cutoff-frequency value="100"/>
                <bass-enhancer-width value="32"/>
                <bass-extraction-enable value="0"/>
                <bass-extraction-cutoff-frequency value="200"/>
                <calibration-boost value="0"/>
                <dialog-enhancer-enable value="1"/>
                <dialog-enhancer-amount value="5"/>
                <dialog-enhancer-ducking value="0"/>
                <graphic-equalizer-enable value="0"/>
                <graphic-equalizer-bands preset="array_20_zero"/>
                <height-filter-mode value="0"/>
                <ieq-enable value="0"/>
                <ieq-amount value="10"/>
                <ieq-bands-set preset="ieq_balanced"/>
                <mi-dialog-enhancer-steering-enable value="0"/>
                <mi-dv-leveler-steering-enable value="0"/>
                <mi-ieq-steering-enable value="0"/>
                <mi-surround-compressor-steering-enable value="0"/>
                <mi-virt-steering-enable value="0"/>
                <postgain value="0"/>
                <pregain value="0"/>
                <process-optimizer-enable value="0"/>
                <process-optimizer-bands>
                    <ch_00 preset="array_20_zero"/>
                    <ch_01 preset="array_20_zero"/>
                    <ch_02 preset="array_20_zero"/>
                    <ch_03 preset="array_20_zero"/>
                    <ch_04 preset="array_20_zero"/>
                    <ch_05 preset="array_20_zero"/>
                    <ch_06 preset="array_20_zero"/>
                    <ch_07 preset="array_20_zero"/>
                    <ch_08 preset="array_20_zero"/>
                    <ch_09 preset="array_20_zero"/>
                </process-optimizer-bands>
                <regulator-enable value="1"/>
                <regulator-overdrive value="0"/>
                <regulator-relaxation-amount value="96"/>
                <regulator-speaker-dist-enable value="0"/>
                <regulator-timbre-preservation value="12"/>
                <regulator-tuning>
                    <threshold_high preset="array_20_zero"/>
                    <threshold_low preset="array_20_n192"/>
                    <isolated_band preset="array_20_zero"/>
                </regulator-tuning>
                <surround-boost value="96"/>
                <surround-decoder-enable value="1"/>
                <system-gain value="0"/>
                <virtualizer-front-speaker-angle value="10"/>
                <virtualizer-height-speaker-angle value="10"/>
                <virtualizer-surround-speaker-angle value="10"/>
                <virtual-bass-mix-freqs value="94,469"/>
                <virtual-bass-mode value="0"/>
                <virtual-bass-overall-gain value="0"/>
                <virtual-bass-subgains value="-32,-144,-192"/>
                <virtual-bass-slope-gain value="0"/>
                <virtual-bass-src-freqs value="35,160"/>
                <volmax-boost value="64"/>
                <volume-leveler-enable value="1"/>
                <volume-leveler-amount value="7"/>
                <volume-leveler-in-target value="-320"/>
                <volume-leveler-out-target value="-320"/>
                <volume-modeler-enable value="0"/>
                <volume-modeler-calibration value="0"/>
                <output-mode-partial-surround-virtualizer-enable value="1"/>
                <output-mode-partial-height-virtualizer-enable value="1"/>
                <output-mode>
                    <processing_mode value="9"/>
                    <nb_output_channels value="2"/>
                    <mix_matrix value=""/>
                    <output_ports value=""/>
                </output-mode>
            </tuning-cp>
            <tuning-vlldp>
                <audio-optimizer-bands>
                    <ch_00 value="0,0,0,0,0,0,0,0,0,0,0,2,4,6,8,10,12,12,14,16"/>
                    <ch_01 value="0,0,0,0,0,0,0,0,0,0,0,2,4,6,8,10,12,12,14,16"/>
                    <ch_02 value="0,0,0,0,0,0,0,0,0,0,0,2,4,6,8,10,12,12,14,16"/>
                    <ch_03 value="0,0,0,0,0,0,0,0,0,0,0,2,4,6,8,10,12,12,14,16"/>
                    <ch_04 value="0,0,0,0,0,0,0,0,0,0,0,2,4,6,8,10,12,12,14,16"/>
                    <ch_05 value="0,0,0,0,0,0,0,0,0,0,0,2,4,6,8,10,12,12,14,16"/>
                    <ch_06 value="0,0,0,0,0,0,0,0,0,0,0,2,4,6,8,10,12,12,14,16"/>
                    <ch_07 value="0,0,0,0,0,0,0,0,0,0,0,2,4,6,8,10,12,12,14,16"/>
                </audio-optimizer-bands>
                <audio-optimizer-enable value="1"/>
                <filter_coefficients>
                    <filter_setting>
                        <crossover_enable value="0"/>
                        <input_ch_0_1_crossover>
                            <frequency value="100"/>
                            <order value="4"/>
                        </input_ch_0_1_crossover>
                        <woofer_high_pass_filter>
                            <enable value="0"/>
                            <frequency value="100"/>
                            <order value="4"/>
                        </woofer_high_pass_filter>
                        <peaking_filter>
                            <enable value="0"/>
                            <frequency value="100"/>
                            <gain value="0"/>
                            <q value="1.000000"/>
                        </peaking_filter>
                        <polarity_invert value="0"/>
                    </filter_setting>
                    <coefficients>
                        <coefficient>
                            <sample_rate value="44100"/>
                            <array value=""/>
                        </coefficient>
                        <coefficient>
                            <sample_rate value="48000"/>
                            <array value=""/>
                        </coefficient>
                        <coefficient>
                            <sample_rate value="96000"/>
                            <array value=""/>
                        </coefficient>
                        <coefficient>
                            <sample_rate value="192000"/>
                            <array value=""/>
                        </coefficient>
                    </coefficients>
                    <max_num_channels value="2"/>
                </filter_coefficients>
                <postgain value="0"/>
                <regulator-relaxation-amount value="96"/>
                <regulator-overdrive value="0"/>
                <regulator-timbre-preservation value="12"/>
                <regulator-speaker-dist-enable value="0"/>
                <regulator-tuning>
                    <threshold_high preset="array_20_zero"/>
                    <threshold_low preset="array_20_n192"/>
                    <isolated_band preset="array_20_zero"/>
                </regulator-tuning>
                <system-gain value="0"/>
            </tuning-vlldp>
        </profile>
        <profile type="music">
            <tuning-cp>
                <init-info>
                    <mi_process_disable value="0"/>
                    <virtual_bass_process_enable value="0"/>
                    <mode value="1"/>
                    <max_num_objects value="1"/>
                </init-info>
                <audio-optimizer-enable value="0"/>
                <audio-optimizer-bands>
                    <ch_00 preset="array_20_zero"/>
                    <ch_01 preset="array_20_zero"/>
                    <ch_02 preset="array_20_zero"/>
                    <ch_03 preset="array_20_zero"/>
                    <ch_04 preset="array_20_zero"/>
                    <ch_05 preset="array_20_zero"/>
                    <ch_06 preset="array_20_zero"/>
                    <ch_07 preset="array_20_zero"/>
                    <ch_08 preset="array_20_zero"/>
                    <ch_09 preset="array_20_zero"/>
                </audio-optimizer-bands>
                <bass-enhancer-enable value="0"/>
                <bass-enhancer-boost value="144"/>
                <bass-enhancer-cutoff-frequency value="100"/>
                <bass-enhancer-width value="32"/>
                <bass-extraction-enable value="0"/>
                <bass-extraction-cutoff-frequency value="200"/>
                <calibration-boost value="0"/>
                <dialog-enhancer-enable value="0"/>
                <dialog-enhancer-amount value="7"/>
                <dialog-enhancer-ducking value="0"/>
                <graphic-equalizer-enable value="0"/>
                <graphic-equalizer-bands preset="array_20_zero"/>
                <height-filter-mode value="0"/>
                <ieq-enable value="1"/>
                <ieq-amount value="10"/>
                <ieq-bands-set preset="ieq_detailed"/>
                <mi-dialog-enhancer-steering-enable value="0"/>
                <mi-dv-leveler-steering-enable value="0"/>
                <mi-ieq-steering-enable value="0"/>
                <mi-surround-compressor-steering-enable value="0"/>
                <mi-virt-steering-enable value="0"/>
                <postgain value="0"/>
                <pregain value="0"/>
                <process-optimizer-enable value="0"/>
                <process-optimizer-bands>
                    <ch_00 preset="array_20_zero"/>
                    <ch_01 preset="array_20_zero"/>
                    <ch_02 preset="array_20_zero"/>
                    <ch_03 preset="array_20_zero"/>
                    <ch_04 preset="array_20_zero"/>
                    <ch_05 preset="array_20_zero"/>
                    <ch_06 preset="array_20_zero"/>
                    <ch_07 preset="array_20_zero"/>
                    <ch_08 preset="array_20_zero"/>
                    <ch_09 preset="array_20_zero"/>
                </process-optimizer-bands>
                <regulator-enable value="1"/>
                <regulator-overdrive value="0"/>
                <regulator-relaxation-amount value="96"/>
                <regulator-speaker-dist-enable value="0"/>
                <regulator-timbre-preservation value="12"/>
                <regulator-tuning>
                    <threshold_high preset="array_20_zero"/>
                    <threshold_low preset="array_20_n192"/>
                    <isolated_band preset="array_20_zero"/>
                </regulator-tuning>
                <surround-boost value="0"/>
                <surround-decoder-enable value="0"/>
                <system-gain value="0"/>
                <virtualizer-front-speaker-angle value="10"/>
                <virtualizer-height-speaker-angle value="10"/>
                <virtualizer-surround-speaker-angle value="10"/>
                <virtual-bass-mix-freqs value="94,469"/>
                <virtual-bass-mode value="0"/>
                <virtual-bass-overall-gain value="0"/>
                <virtual-bass-subgains value="-32,-144,-192"/>
                <virtual-bass-slope-gain value="0"/>
                <virtual-bass-src-freqs value="35,160"/>
                <volmax-boost value="64"/>
                <volume-leveler-enable value="1"/>
                <volume-leveler-amount value="4"/>
                <volume-leveler-in-target value="-320"/>
                <volume-leveler-out-target value="-320"/>
                <volume-modeler-enable value="0"/>
                <volume-modeler-calibration value="0"/>
                <output-mode-partial-surround-virtualizer-enable value="0"/>
                <output-mode-partial-height-virtualizer-enable value="0"/>
                <output-mode>
                    <processing_mode value="1"/>
                    <nb_output_channels value="2"/>
                    <mix_matrix value=""/>
                    <output_ports value=""/>
                </output-mode>
            </tuning-cp>
            <tuning-vlldp>
                <audio-optimizer-bands>
                    <ch_00 value="0,0,0,0,0,0,0,0,0,0,0,2,4,6,8,10,12,12,14,16"/>
                    <ch_01 value="0,0,0,0,0,0,0,0,0,0,0,2,4,6,8,10,12,12,14,16"/>
                    <ch_02 value="0,0,0,0,0,0,0,0,0,0,0,2,4,6,8,10,12,12,14,16"/>
                    <ch_03 value="0,0,0,0,0,0,0,0,0,0,0,2,4,6,8,10,12,12,14,16"/>
                    <ch_04 value="0,0,0,0,0,0,0,0,0,0,0,2,4,6,8,10,12,12,14,16"/>
                    <ch_05 value="0,0,0,0,0,0,0,0,0,0,0,2,4,6,8,10,12,12,14,16"/>
                    <ch_06 value="0,0,0,0,0,0,0,0,0,0,0,2,4,6,8,10,12,12,14,16"/>
                    <ch_07 value="0,0,0,0,0,0,0,0,0,0,0,2,4,6,8,10,12,12,14,16"/>
                </audio-optimizer-bands>
                <audio-optimizer-enable value="1"/>
                <filter_coefficients>
                    <filter_setting>
                        <crossover_enable value="0"/>
                        <input_ch_0_1_crossover>
                            <frequency value="100"/>
                            <order value="4"/>
                        </input_ch_0_1_crossover>
                        <woofer_high_pass_filter>
                            <enable value="0"/>
                            <frequency value="100"/>
                            <order value="4"/>
                        </woofer_high_pass_filter>
                        <peaking_filter>
                            <enable value="0"/>
                            <frequency value="100"/>
                            <gain value="0"/>
                            <q value="1.000000"/>
                        </peaking_filter>
                        <polarity_invert value="0"/>
                    </filter_setting>
                    <coefficients>
                        <coefficient>
                            <sample_rate value="44100"/>
                            <array value=""/>
                        </coefficient>
                        <coefficient>
                            <sample_rate value="48000"/>
                            <array value=""/>
                        </coefficient>
                        <coefficient>
                            <sample_rate value="96000"/>
                            <array value=""/>
                        </coefficient>
                        <coefficient>
                            <sample_rate value="192000"/>
                            <array value=""/>
                        </coefficient>
                    </coefficients>
                    <max_num_channels value="2"/>
                </filter_coefficients>
                <postgain value="0"/>
                <regulator-relaxation-amount value="96"/>
                <regulator-overdrive value="0"/>
                <regulator-timbre-preservation value="12"/>
                <regulator-speaker-dist-enable value="0"/>
                <regulator-tuning>
                    <threshold_high preset="array_20_zero"/>
                    <threshold_low preset="array_20_n192"/>
                    <isolated_band preset="array_20_zero"/>
                </regulator-tuning>
                <system-gain value="0"/>
            </tuning-vlldp>
        </profile>
        <profile type="game">
            <tuning-cp>
                <init-info>
                    <mi_process_disable value="0"/>
                    <virtual_bass_process_enable value="0"/>
                    <mode value="1"/>
                    <max_num_objects value="1"/>
                </init-info>
                <audio-optimizer-enable value="0"/>
                <audio-optimizer-bands>
                    <ch_00 preset="array_20_zero"/>
                    <ch_01 preset="array_20_zero"/>
                    <ch_02 preset="array_20_zero"/>
                    <ch_03 preset="array_20_zero"/>
                    <ch_04 preset="array_20_zero"/>
                    <ch_05 preset="array_20_zero"/>
                    <ch_06 preset="array_20_zero"/>
                    <ch_07 preset="array_20_zero"/>
                    <ch_08 preset="array_20_zero"/>
                    <ch_09 preset="array_20_zero"/>
                </audio-optimizer-bands>
                <bass-enhancer-enable value="0"/>
                <bass-enhancer-boost value="144"/>
                <bass-enhancer-cutoff-frequency value="100"/>
                <bass-enhancer-width value="32"/>
                <bass-extraction-enable value="0"/>
                <bass-extraction-cutoff-frequency value="200"/>
                <calibration-boost value="0"/>
                <dialog-enhancer-enable value="0"/>
                <dialog-enhancer-amount value="7"/>
                <dialog-enhancer-ducking value="0"/>
                <graphic-equalizer-enable value="0"/>
                <graphic-equalizer-bands preset="array_20_zero"/>
                <height-filter-mode value="0"/>
                <ieq-enable value="0"/>
                <ieq-amount value="10"/>
                <ieq-bands-set preset="ieq_balanced"/>
                <mi-dialog-enhancer-steering-enable value="0"/>
                <mi-dv-leveler-steering-enable value="0"/>
                <mi-ieq-steering-enable value="0"/>
                <mi-surround-compressor-steering-enable value="0"/>
                <mi-virt-steering-enable value="0"/>
                <postgain value="0"/>
                <pregain value="0"/>
                <process-optimizer-enable value="0"/>
                <process-optimizer-bands>
                    <ch_00 preset="array_20_zero"/>
                    <ch_01 preset="array_20_zero"/>
                    <ch_02 preset="array_20_zero"/>
                    <ch_03 preset="array_20_zero"/>
                    <ch_04 preset="array_20_zero"/>
                    <ch_05 preset="array_20_zero"/>
                    <ch_06 preset="array_20_zero"/>
                    <ch_07 preset="array_20_zero"/>
                    <ch_08 preset="array_20_zero"/>
                    <ch_09 preset="array_20_zero"/>
                </process-optimizer-bands>
                <regulator-enable value="1"/>
                <regulator-overdrive value="0"/>
                <regulator-relaxation-amount value="96"/>
                <regulator-speaker-dist-enable value="0"/>
                <regulator-timbre-preservation value="12"/>
                <regulator-tuning>
                    <threshold_high preset="array_20_zero"/>
                    <threshold_low preset="array_20_n192"/>
                    <isolated_band preset="array_20_zero"/>
                </regulator-tuning>
                <surround-boost value="0"/>
                <surround-decoder-enable value="1"/>
                <system-gain value="0"/>
                <virtualizer-front-speaker-angle value="10"/>
                <virtualizer-height-speaker-angle value="10"/>
                <virtualizer-surround-speaker-angle value="10"/>
                <virtual-bass-mix-freqs value="94,469"/>
                <virtual-bass-mode value="0"/>
                <virtual-bass-overall-gain value="0"/>
                <virtual-bass-subgains value="-32,-144,-192"/>
                <virtual-bass-slope-gain value="0"/>
                <virtual-bass-src-freqs value="35,160"/>
                <volmax-boost value="64"/>
                <volume-leveler-enable value="1"/>
                <volume-leveler-amount value="0"/>
                <volume-leveler-in-target value="-320"/>
                <volume-leveler-out-target value="-320"/>
                <volume-modeler-enable value="0"/>
                <volume-modeler-calibration value="0"/>
                <output-mode-partial-surround-virtualizer-enable value="1"/>
                <output-mode-partial-height-virtualizer-enable value="1"/>
                <output-mode>
                    <processing_mode value="9"/>
                    <nb_output_channels value="2"/>
                    <mix_matrix value=""/>
                    <output_ports value=""/>
                </output-mode>
            </tuning-cp>
            <tuning-vlldp>
                <audio-optimizer-bands>
                    <ch_00 value="0,0,0,0,0,0,0,0,0,0,0,2,4,6,8,10,12,12,14,16"/>
                    <ch_01 value="0,0,0,0,0,0,0,0,0,0,0,2,4,6,8,10,12,12,14,16"/>
                    <ch_02 value="0,0,0,0,0,0,0,0,0,0,0,2,4,6,8,10,12,12,14,16"/>
                    <ch_03 value="0,0,0,0,0,0,0,0,0,0,0,2,4,6,8,10,12,12,14,16"/>
                    <ch_04 value="0,0,0,0,0,0,0,0,0,0,0,2,4,6,8,10,12,12,14,16"/>
                    <ch_05 value="0,0,0,0,0,0,0,0,0,0,0,2,4,6,8,10,12,12,14,16"/>
                    <ch_06 value="0,0,0,0,0,0,0,0,0,0,0,2,4,6,8,10,12,12,14,16"/>
                    <ch_07 value="0,0,0,0,0,0,0,0,0,0,0,2,4,6,8,10,12,12,14,16"/>
                </audio-optimizer-bands>
                <audio-optimizer-enable value="1"/>
                <filter_coefficients>
                    <filter_setting>
                        <crossover_enable value="0"/>
                        <input_ch_0_1_crossover>
                            <frequency value="100"/>
                            <order value="4"/>
                        </input_ch_0_1_crossover>
                        <woofer_high_pass_filter>
                            <enable value="0"/>
                            <frequency value="100"/>
                            <order value="4"/>
                        </woofer_high_pass_filter>
                        <peaking_filter>
                            <enable value="0"/>
                            <frequency value="100"/>
                            <gain value="0"/>
                            <q value="1.000000"/>
                        </peaking_filter>
                        <polarity_invert value="0"/>
                    </filter_setting>
                    <coefficients>
                        <coefficient>
                            <sample_rate value="44100"/>
                            <array value=""/>
                        </coefficient>
                        <coefficient>
                            <sample_rate value="48000"/>
                            <array value=""/>
                        </coefficient>
                        <coefficient>
                            <sample_rate value="96000"/>
                            <array value=""/>
                        </coefficient>
                        <coefficient>
                            <sample_rate value="192000"/>
                            <array value=""/>
                        </coefficient>
                    </coefficients>
                    <max_num_channels value="2"/>
                </filter_coefficients>
                <postgain value="0"/>
                <regulator-relaxation-amount value="96"/>
                <regulator-overdrive value="0"/>
                <regulator-timbre-preservation value="12"/>
                <regulator-speaker-dist-enable value="0"/>
                <regulator-tuning>
                    <threshold_high preset="array_20_zero"/>
                    <threshold_low preset="array_20_n192"/>
                    <isolated_band preset="array_20_zero"/>
                </regulator-tuning>
                <system-gain value="0"/>
            </tuning-vlldp>
        </profile>
        <profile type="voice">
            <tuning-cp>
                <init-info>
                    <mi_process_disable value="0"/>
                    <virtual_bass_process_enable value="0"/>
                    <mode value="1"/>
                    <max_num_objects value="1"/>
                </init-info>
                <audio-optimizer-enable value="0"/>
                <audio-optimizer-bands>
                    <ch_00 preset="array_20_zero"/>
                    <ch_01 preset="array_20_zero"/>
                    <ch_02 preset="array_20_zero"/>
                    <ch_03 preset="array_20_zero"/>
                    <ch_04 preset="array_20_zero"/>
                    <ch_05 preset="array_20_zero"/>
                    <ch_06 preset="array_20_zero"/>
                    <ch_07 preset="array_20_zero"/>
                    <ch_08 preset="array_20_zero"/>
                    <ch_09 preset="array_20_zero"/>
                </audio-optimizer-bands>
                <bass-enhancer-enable value="0"/>
                <bass-enhancer-boost value="144"/>
                <bass-enhancer-cutoff-frequency value="100"/>
                <bass-enhancer-width value="32"/>
                <bass-extraction-enable value="0"/>
                <bass-extraction-cutoff-frequency value="200"/>
                <calibration-boost value="0"/>
                <dialog-enhancer-enable value="1"/>
                <dialog-enhancer-amount value="10"/>
                <dialog-enhancer-ducking value="0"/>
                <graphic-equalizer-enable value="0"/>
                <graphic-equalizer-bands preset="array_20_zero"/>
                <height-filter-mode value="0"/>
                <ieq-enable value="0"/>
                <ieq-amount value="10"/>
                <ieq-bands-set preset="ieq_balanced"/>
                <mi-dialog-enhancer-steering-enable value="0"/>
                <mi-dv-leveler-steering-enable value="0"/>
                <mi-ieq-steering-enable value="0"/>
                <mi-surround-compressor-steering-enable value="0"/>
                <mi-virt-steering-enable value="0"/>
                <postgain value="0"/>
                <pregain value="0"/>
                <process-optimizer-enable value="0"/>
                <process-optimizer-bands>
                    <ch_00 preset="array_20_zero"/>
                    <ch_01 preset="array_20_zero"/>
                    <ch_02 preset="array_20_zero"/>
                    <ch_03 preset="array_20_zero"/>
                    <ch_04 preset="array_20_zero"/>
                    <ch_05 preset="array_20_zero"/>
                    <ch_06 preset="array_20_zero"/>
                    <ch_07 preset="array_20_zero"/>
                    <ch_08 preset="array_20_zero"/>
                    <ch_09 preset="array_20_zero"/>
                </process-optimizer-bands>
                <regulator-enable value="1"/>
                <regulator-overdrive value="0"/>
                <regulator-relaxation-amount value="96"/>
                <regulator-speaker-dist-enable value="0"/>
                <regulator-timbre-preservation value="12"/>
                <regulator-tuning>
                    <threshold_high preset="array_20_zero"/>
                    <threshold_low preset="array_20_n192"/>
                    <isolated_band preset="array_20_zero"/>
                </regulator-tuning>
                <surround-boost value="0"/>
                <surround-decoder-enable value="0"/>
                <system-gain value="0"/>
                <virtualizer-front-speaker-angle value="10"/>
                <virtualizer-height-speaker-angle value="10"/>
                <virtualizer-surround-speaker-angle value="10"/>
                <virtual-bass-mix-freqs value="94,469"/>
                <virtual-bass-mode value="0"/>
                <virtual-bass-overall-gain value="0"/>
                <virtual-bass-subgains value="-32,-144,-192"/>
                <virtual-bass-slope-gain value="0"/>
                <virtual-bass-src-freqs value="35,160"/>
                <volmax-boost value="64"/>
                <volume-leveler-enable value="0"/>
                <volume-leveler-amount value="0"/>
                <volume-leveler-in-target value="-320"/>
                <volume-leveler-out-target value="-320"/>
                <volume-modeler-enable value="0"/>
                <volume-modeler-calibration value="0"/>
                <output-mode-partial-surround-virtualizer-enable value="0"/>
                <output-mode-partial-height-virtualizer-enable value="0"/>
                <output-mode>
                    <processing_mode value="1"/>
                    <nb_output_channels value="2"/>
                    <mix_matrix value=""/>
                    <output_ports value=""/>
                </output-mode>
            </tuning-cp>
            <tuning-vlldp>
                <audio-optimizer-bands>
                    <ch_00 value="0,0,0,0,0,0,0,0,0,0,0,2,4,6,8,10,12,12,14,16"/>
                    <ch_01 value="0,0,0,0,0,0,0,0,0,0,0,2,4,6,8,10,12,12,14,16"/>
                    <ch_02 value="0,0,0,0,0,0,0,0,0,0,0,2,4,6,8,10,12,12,14,16"/>
                    <ch_03 value="0,0,0,0,0,0,0,0,0,0,0,2,4,6,8,10,12,12,14,16"/>
                    <ch_04 value="0,0,0,0,0,0,0,0,0,0,0,2,4,6,8,10,12,12,14,16"/>
                    <ch_05 value="0,0,0,0,0,0,0,0,0,0,0,2,4,6,8,10,12,12,14,16"/>
                    <ch_06 value="0,0,0,0,0,0,0,0,0,0,0,2,4,6,8,10,12,12,14,16"/>
                    <ch_07 value="0,0,0,0,0,0,0,0,0,0,0,2,4,6,8,10,12,12,14,16"/>
                </audio-optimizer-bands>
                <audio-optimizer-enable value="1"/>
                <filter_coefficients>
                    <filter_setting>
                        <crossover_enable value="0"/>
                        <input_ch_0_1_crossover>
                            <frequency value="100"/>
                            <order value="4"/>
                        </input_ch_0_1_crossover>
                        <woofer_high_pass_filter>
                            <enable value="0"/>
                            <frequency value="100"/>
                            <order value="4"/>
                        </woofer_high_pass_filter>
                        <peaking_filter>
                            <enable value="0"/>
                            <frequency value="100"/>
                            <gain value="0"/>
                            <q value="1.000000"/>
                        </peaking_filter>
                        <polarity_invert value="0"/>
                    </filter_setting>
                    <coefficients>
                        <coefficient>
                            <sample_rate value="44100"/>
                            <array value=""/>
                        </coefficient>
                        <coefficient>
                            <sample_rate value="48000"/>
                            <array value=""/>
                        </coefficient>
                        <coefficient>
                            <sample_rate value="96000"/>
                            <array value=""/>
                        </coefficient>
                        <coefficient>
                            <sample_rate value="192000"/>
                            <array value=""/>
                        </coefficient>
                    </coefficients>
                    <max_num_channels value="2"/>
                </filter_coefficients>
                <postgain value="0"/>
                <regulator-relaxation-amount value="96"/>
                <regulator-overdrive value="0"/>
                <regulator-timbre-preservation value="12"/>
                <regulator-speaker-dist-enable value="0"/>
                <regulator-tuning>
                    <threshold_high preset="array_20_zero"/>
                    <threshold_low preset="array_20_n192"/>
                    <isolated_band preset="array_20_zero"/>
                </regulator-tuning>
                <system-gain value="0"/>
            </tuning-vlldp>
        </profile>
        <profile type="personalize_user1">
            <tuning-cp>
                <init-info>
                    <mi_process_disable value="0"/>
                    <virtual_bass_process_enable value="0"/>
                    <mode value="1"/>
                    <max_num_objects value="1"/>
                </init-info>
                <audio-optimizer-enable value="0"/>
                <audio-optimizer-bands>
                    <ch_00 preset="array_20_zero"/>
                    <ch_01 preset="array_20_zero"/>
                    <ch_02 preset="array_20_zero"/>
                    <ch_03 preset="array_20_zero"/>
                    <ch_04 preset="array_20_zero"/>
                    <ch_05 preset="array_20_zero"/>
                    <ch_06 preset="array_20_zero"/>
                    <ch_07 preset="array_20_zero"/>
                    <ch_08 preset="array_20_zero"/>
                    <ch_09 preset="array_20_zero"/>
                </audio-optimizer-bands>
                <bass-enhancer-enable value="0"/>
                <bass-enhancer-boost value="144"/>
                <bass-enhancer-cutoff-frequency value="100"/>
                <bass-enhancer-width value="32"/>
                <bass-extraction-enable value="0"/>
                <bass-extraction-cutoff-frequency value="200"/>
                <calibration-boost value="0"/>
                <dialog-enhancer-enable value="1"/>
                <dialog-enhancer-amount value="10"/>
                <dialog-enhancer-ducking value="0"/>
                <graphic-equalizer-enable value="1"/>
                <graphic-equalizer-bands preset="array_20_zero"/>
                <height-filter-mode value="0"/>
                <ieq-enable value="0"/>
                <ieq-amount value="10"/>
                <ieq-bands-set preset="ieq_balanced"/>
                <mi-dialog-enhancer-steering-enable value="0"/>
                <mi-dv-leveler-steering-enable value="0"/>
                <mi-ieq-steering-enable value="0"/>
                <mi-surround-compressor-steering-enable value="0"/>
                <mi-virt-steering-enable value="0"/>
                <postgain value="0"/>
                <pregain value="0"/>
                <process-optimizer-enable value="0"/>
                <process-optimizer-bands>
                    <ch_00 preset="array_20_zero"/>
                    <ch_01 preset="array_20_zero"/>
                    <ch_02 preset="array_20_zero"/>
                    <ch_03 preset="array_20_zero"/>
                    <ch_04 preset="array_20_zero"/>
                    <ch_05 preset="array_20_zero"/>
                    <ch_06 preset="array_20_zero"/>
                    <ch_07 preset="array_20_zero"/>
                    <ch_08 preset="array_20_zero"/>
                    <ch_09 preset="array_20_zero"/>
                </process-optimizer-bands>
                <regulator-enable value="1"/>
                <regulator-overdrive value="0"/>
                <regulator-relaxation-amount value="96"/>
                <regulator-speaker-dist-enable value="0"/>
                <regulator-timbre-preservation value="12"/>
                <regulator-tuning>
                    <threshold_high preset="array_20_zero"/>
                    <threshold_low preset="array_20_n192"/>
                    <isolated_band preset="array_20_zero"/>
                </regulator-tuning>
                <surround-boost value="48"/>
                <surround-decoder-enable value="1"/>
                <system-gain value="0"/>
                <virtualizer-front-speaker-angle value="10"/>
                <virtualizer-height-speaker-angle value="10"/>
                <virtualizer-surround-speaker-angle value="10"/>
                <virtual-bass-mix-freqs value="94,469"/>
                <virtual-bass-mode value="0"/>
                <virtual-bass-overall-gain value="0"/>
                <virtual-bass-subgains value="-32,-144,-192"/>
                <virtual-bass-slope-gain value="0"/>
                <virtual-bass-src-freqs value="35,160"/>
                <volmax-boost value="64"/>
                <volume-leveler-enable value="1"/>
                <volume-leveler-amount value="5"/>
                <volume-leveler-in-target value="-320"/>
                <volume-leveler-out-target value="-320"/>
                <volume-modeler-enable value="0"/>
                <volume-modeler-calibration value="0"/>
                <output-mode-partial-surround-virtualizer-enable value="1"/>
                <output-mode-partial-height-virtualizer-enable value="1"/>
                <output-mode>
                    <processing_mode value="9"/>
                    <nb_output_channels value="2"/>
                    <mix_matrix value=""/>
                    <output_ports value=""/>
                </output-mode>
            </tuning-cp>
            <tuning-vlldp>
                <audio-optimizer-bands>
                    <ch_00 value="0,0,0,0,0,0,0,0,0,0,0,2,4,6,8,10,12,12,14,16"/>
                    <ch_01 value="0,0,0,0,0,0,0,0,0,0,0,2,4,6,8,10,12,12,14,16"/>
                    <ch_02 value="0,0,0,0,0,0,0,0,0,0,0,2,4,6,8,10,12,12,14,16"/>
                    <ch_03 value="0,0,0,0,0,0,0,0,0,0,0,2,4,6,8,10,12,12,14,16"/>
                    <ch_04 value="0,0,0,0,0,0,0,0,0,0,0,2,4,6,8,10,12,12,14,16"/>
                    <ch_05 value="0,0,0,0,0,0,0,0,0,0,0,2,4,6,8,10,12,12,14,16"/>
                    <ch_06 value="0,0,0,0,0,0,0,0,0,0,0,2,4,6,8,10,12,12,14,16"/>
                    <ch_07 value="0,0,0,0,0,0,0,0,0,0,0,2,4,6,8,10,12,12,14,16"/>
                </audio-optimizer-bands>
                <audio-optimizer-enable value="1"/>
                <filter_coefficients>
                    <filter_setting>
                        <crossover_enable value="0"/>
                        <input_ch_0_1_crossover>
                            <frequency value="100"/>
                            <order value="4"/>
                        </input_ch_0_1_crossover>
                        <woofer_high_pass_filter>
                            <enable value="0"/>
                            <frequency value="100"/>
                            <order value="4"/>
                        </woofer_high_pass_filter>
                        <peaking_filter>
                            <enable value="0"/>
                            <frequency value="100"/>
                            <gain value="0"/>
                            <q value="1.000000"/>
                        </peaking_filter>
                        <polarity_invert value="0"/>
                    </filter_setting>
                    <coefficients>
                        <coefficient>
                            <sample_rate value="44100"/>
                            <array value=""/>
                        </coefficient>
                        <coefficient>
                            <sample_rate value="48000"/>
                            <array value=""/>
                        </coefficient>
                        <coefficient>
                            <sample_rate value="96000"/>
                            <array value=""/>
                        </coefficient>
                        <coefficient>
                            <sample_rate value="192000"/>
                            <array value=""/>
                        </coefficient>
                    </coefficients>
                    <max_num_channels value="2"/>
                </filter_coefficients>
                <postgain value="0"/>
                <regulator-relaxation-amount value="96"/>
                <regulator-overdrive value="0"/>
                <regulator-timbre-preservation value="12"/>
                <regulator-speaker-dist-enable value="0"/>
                <regulator-tuning>
                    <threshold_high preset="array_20_zero"/>
                    <threshold_low preset="array_20_n192"/>
                    <isolated_band preset="array_20_zero"/>
                </regulator-tuning>
                <system-gain value="0"/>
            </tuning-vlldp>
        </profile>
        <profile type="personalize_user2">
            <tuning-cp>
                <init-info>
                    <mi_process_disable value="0"/>
                    <virtual_bass_process_enable value="0"/>
                    <mode value="1"/>
                    <max_num_objects value="1"/>
                </init-info>
                <audio-optimizer-enable value="0"/>
                <audio-optimizer-bands>
                    <ch_00 preset="array_20_zero"/>
                    <ch_01 preset="array_20_zero"/>
                    <ch_02 preset="array_20_zero"/>
                    <ch_03 preset="array_20_zero"/>
                    <ch_04 preset="array_20_zero"/>
                    <ch_05 preset="array_20_zero"/>
                    <ch_06 preset="array_20_zero"/>
                    <ch_07 preset="array_20_zero"/>
                    <ch_08 preset="array_20_zero"/>
                    <ch_09 preset="array_20_zero"/>
                </audio-optimizer-bands>
                <bass-enhancer-enable value="0"/>
                <bass-enhancer-boost value="144"/>
                <bass-enhancer-cutoff-frequency value="100"/>
                <bass-enhancer-width value="32"/>
                <bass-extraction-enable value="0"/>
                <bass-extraction-cutoff-frequency value="200"/>
                <calibration-boost value="0"/>
                <dialog-enhancer-enable value="1"/>
                <dialog-enhancer-amount value="10"/>
                <dialog-enhancer-ducking value="0"/>
                <graphic-equalizer-enable value="1"/>
                <graphic-equalizer-bands preset="array_20_zero"/>
                <height-filter-mode value="0"/>
                <ieq-enable value="0"/>
                <ieq-amount value="10"/>
                <ieq-bands-set preset="ieq_balanced"/>
                <mi-dialog-enhancer-steering-enable value="0"/>
                <mi-dv-leveler-steering-enable value="0"/>
                <mi-ieq-steering-enable value="0"/>
                <mi-surround-compressor-steering-enable value="0"/>
                <mi-virt-steering-enable value="0"/>
                <postgain value="0"/>
                <pregain value="0"/>
                <process-optimizer-enable value="0"/>
                <process-optimizer-bands>
                    <ch_00 preset="array_20_zero"/>
                    <ch_01 preset="array_20_zero"/>
                    <ch_02 preset="array_20_zero"/>
                    <ch_03 preset="array_20_zero"/>
                    <ch_04 preset="array_20_zero"/>
                    <ch_05 preset="array_20_zero"/>
                    <ch_06 preset="array_20_zero"/>
                    <ch_07 preset="array_20_zero"/>
                    <ch_08 preset="array_20_zero"/>
                    <ch_09 preset="array_20_zero"/>
                </process-optimizer-bands>
                <regulator-enable value="1"/>
                <regulator-overdrive value="0"/>
                <regulator-relaxation-amount value="96"/>
                <regulator-speaker-dist-enable value="0"/>
                <regulator-timbre-preservation value="12"/>
                <regulator-tuning>
                    <threshold_high preset="array_20_zero"/>
                    <threshold_low preset="array_20_n192"/>
                    <isolated_band preset="array_20_zero"/>
                </regulator-tuning>
                <surround-boost value="48"/>
                <surround-decoder-enable value="1"/>
                <system-gain value="0"/>
                <virtualizer-front-speaker-angle value="10"/>
                <virtualizer-height-speaker-angle value="10"/>
                <virtualizer-surround-speaker-angle value="10"/>
                <virtual-bass-mix-freqs value="94,469"/>
                <virtual-bass-mode value="0"/>
                <virtual-bass-overall-gain value="0"/>
                <virtual-bass-subgains value="-32,-144,-192"/>
                <virtual-bass-slope-gain value="0"/>
                <virtual-bass-src-freqs value="35,160"/>
                <volmax-boost value="64"/>
                <volume-leveler-enable value="1"/>
                <volume-leveler-amount value="5"/>
                <volume-leveler-in-target value="-320"/>
                <volume-leveler-out-target value="-320"/>
                <volume-modeler-enable value="0"/>
                <volume-modeler-calibration value="0"/>
                <output-mode-partial-surround-virtualizer-enable value="1"/>
                <output-mode-partial-height-virtualizer-enable value="1"/>
                <output-mode>
                    <processing_mode value="9"/>
                    <nb_output_channels value="2"/>
                    <mix_matrix value=""/>
                    <output_ports value=""/>
                </output-mode>
            </tuning-cp>
            <tuning-vlldp>
                <audio-optimizer-bands>
                    <ch_00 value="0,0,0,0,0,0,0,0,0,0,0,2,4,6,8,10,12,12,14,16"/>
                    <ch_01 value="0,0,0,0,0,0,0,0,0,0,0,2,4,6,8,10,12,12,14,16"/>
                    <ch_02 value="0,0,0,0,0,0,0,0,0,0,0,2,4,6,8,10,12,12,14,16"/>
                    <ch_03 value="0,0,0,0,0,0,0,0,0,0,0,2,4,6,8,10,12,12,14,16"/>
                    <ch_04 value="0,0,0,0,0,0,0,0,0,0,0,2,4,6,8,10,12,12,14,16"/>
                    <ch_05 value="0,0,0,0,0,0,0,0,0,0,0,2,4,6,8,10,12,12,14,16"/>
                    <ch_06 value="0,0,0,0,0,0,0,0,0,0,0,2,4,6,8,10,12,12,14,16"/>
                    <ch_07 value="0,0,0,0,0,0,0,0,0,0,0,2,4,6,8,10,12,12,14,16"/>
                </audio-optimizer-bands>
                <audio-optimizer-enable value="1"/>
                <filter_coefficients>
                    <filter_setting>
                        <crossover_enable value="0"/>
                        <input_ch_0_1_crossover>
                            <frequency value="100"/>
                            <order value="4"/>
                        </input_ch_0_1_crossover>
                        <woofer_high_pass_filter>
                            <enable value="0"/>
                            <frequency value="100"/>
                            <order value="4"/>
                        </woofer_high_pass_filter>
                        <peaking_filter>
                            <enable value="0"/>
                            <frequency value="100"/>
                            <gain value="0"/>
                            <q value="1.000000"/>
                        </peaking_filter>
                        <polarity_invert value="0"/>
                    </filter_setting>
                    <coefficients>
                        <coefficient>
                            <sample_rate value="44100"/>
                            <array value=""/>
                        </coefficient>
                        <coefficient>
                            <sample_rate value="48000"/>
                            <array value=""/>
                        </coefficient>
                        <coefficient>
                            <sample_rate value="96000"/>
                            <array value=""/>
                        </coefficient>
                        <coefficient>
                            <sample_rate value="192000"/>
                            <array value=""/>
                        </coefficient>
                    </coefficients>
                    <max_num_channels value="2"/>
                </filter_coefficients>
                <postgain value="0"/>
                <regulator-relaxation-amount value="96"/>
                <regulator-overdrive value="0"/>
                <regulator-timbre-preservation value="12"/>
                <regulator-speaker-dist-enable value="0"/>
                <regulator-tuning>
                    <threshold_high preset="array_20_zero"/>
                    <threshold_low preset="array_20_n192"/>
                    <isolated_band preset="array_20_zero"/>
                </regulator-tuning>
                <system-gain value="0"/>
            </tuning-vlldp>
        </profile>
        <profile type="personalize_user3">
            <tuning-cp>
                <init-info>
                    <mi_process_disable value="0"/>
                    <virtual_bass_process_enable value="0"/>
                    <mode value="1"/>
                    <max_num_objects value="1"/>
                </init-info>
                <audio-optimizer-enable value="0"/>
                <audio-optimizer-bands>
                    <ch_00 preset="array_20_zero"/>
                    <ch_01 preset="array_20_zero"/>
                    <ch_02 preset="array_20_zero"/>
                    <ch_03 preset="array_20_zero"/>
                    <ch_04 preset="array_20_zero"/>
                    <ch_05 preset="array_20_zero"/>
                    <ch_06 preset="array_20_zero"/>
                    <ch_07 preset="array_20_zero"/>
                    <ch_08 preset="array_20_zero"/>
                    <ch_09 preset="array_20_zero"/>
                </audio-optimizer-bands>
                <bass-enhancer-enable value="0"/>
                <bass-enhancer-boost value="144"/>
                <bass-enhancer-cutoff-frequency value="100"/>
                <bass-enhancer-width value="32"/>
                <bass-extraction-enable value="0"/>
                <bass-extraction-cutoff-frequency value="200"/>
                <calibration-boost value="0"/>
                <dialog-enhancer-enable value="1"/>
                <dialog-enhancer-amount value="10"/>
                <dialog-enhancer-ducking value="0"/>
                <graphic-equalizer-enable value="1"/>
                <graphic-equalizer-bands preset="array_20_zero"/>
                <height-filter-mode value="0"/>
                <ieq-enable value="0"/>
                <ieq-amount value="10"/>
                <ieq-bands-set preset="ieq_balanced"/>
                <mi-dialog-enhancer-steering-enable value="0"/>
                <mi-dv-leveler-steering-enable value="0"/>
                <mi-ieq-steering-enable value="0"/>
                <mi-surround-compressor-steering-enable value="0"/>
                <mi-virt-steering-enable value="0"/>
                <postgain value="0"/>
                <pregain value="0"/>
                <process-optimizer-enable value="0"/>
                <process-optimizer-bands>
                    <ch_00 preset="array_20_zero"/>
                    <ch_01 preset="array_20_zero"/>
                    <ch_02 preset="array_20_zero"/>
                    <ch_03 preset="array_20_zero"/>
                    <ch_04 preset="array_20_zero"/>
                    <ch_05 preset="array_20_zero"/>
                    <ch_06 preset="array_20_zero"/>
                    <ch_07 preset="array_20_zero"/>
                    <ch_08 preset="array_20_zero"/>
                    <ch_09 preset="array_20_zero"/>
                </process-optimizer-bands>
                <regulator-enable value="1"/>
                <regulator-overdrive value="0"/>
                <regulator-relaxation-amount value="96"/>
                <regulator-speaker-dist-enable value="0"/>
                <regulator-timbre-preservation value="12"/>
                <regulator-tuning>
                    <threshold_high preset="array_20_zero"/>
                    <threshold_low preset="array_20_n192"/>
                    <isolated_band preset="array_20_zero"/>
                </regulator-tuning>
                <surround-boost value="48"/>
                <surround-decoder-enable value="1"/>
                <system-gain value="0"/>
                <virtualizer-front-speaker-angle value="10"/>
                <virtualizer-height-speaker-angle value="10"/>
                <virtualizer-surround-speaker-angle value="10"/>
                <virtual-bass-mix-freqs value="94,469"/>
                <virtual-bass-mode value="0"/>
                <virtual-bass-overall-gain value="0"/>
                <virtual-bass-subgains value="-32,-144,-192"/>
                <virtual-bass-slope-gain value="0"/>
                <virtual-bass-src-freqs value="35,160"/>
                <volmax-boost value="64"/>
                <volume-leveler-enable value="1"/>
                <volume-leveler-amount value="5"/>
                <volume-leveler-in-target value="-320"/>
                <volume-leveler-out-target value="-320"/>
                <volume-modeler-enable value="0"/>
                <volume-modeler-calibration value="0"/>
                <output-mode-partial-surround-virtualizer-enable value="1"/>
                <output-mode-partial-height-virtualizer-enable value="1"/>
                <output-mode>
                    <processing_mode value="9"/>
                    <nb_output_channels value="2"/>
                    <mix_matrix value=""/>
                    <output_ports value=""/>
                </output-mode>
            </tuning-cp>
            <tuning-vlldp>
                <audio-optimizer-bands>
                    <ch_00 value="0,0,0,0,0,0,0,0,0,0,0,2,4,6,8,10,12,12,14,16"/>
                    <ch_01 value="0,0,0,0,0,0,0,0,0,0,0,2,4,6,8,10,12,12,14,16"/>
                    <ch_02 value="0,0,0,0,0,0,0,0,0,0,0,2,4,6,8,10,12,12,14,16"/>
                    <ch_03 value="0,0,0,0,0,0,0,0,0,0,0,2,4,6,8,10,12,12,14,16"/>
                    <ch_04 value="0,0,0,0,0,0,0,0,0,0,0,2,4,6,8,10,12,12,14,16"/>
                    <ch_05 value="0,0,0,0,0,0,0,0,0,0,0,2,4,6,8,10,12,12,14,16"/>
                    <ch_06 value="0,0,0,0,0,0,0,0,0,0,0,2,4,6,8,10,12,12,14,16"/>
                    <ch_07 value="0,0,0,0,0,0,0,0,0,0,0,2,4,6,8,10,12,12,14,16"/>
                </audio-optimizer-bands>
                <audio-optimizer-enable value="1"/>
                <filter_coefficients>
                    <filter_setting>
                        <crossover_enable value="0"/>
                        <input_ch_0_1_crossover>
                            <frequency value="100"/>
                            <order value="4"/>
                        </input_ch_0_1_crossover>
                        <woofer_high_pass_filter>
                            <enable value="0"/>
                            <frequency value="100"/>
                            <order value="4"/>
                        </woofer_high_pass_filter>
                        <peaking_filter>
                            <enable value="0"/>
                            <frequency value="100"/>
                            <gain value="0"/>
                            <q value="1.000000"/>
                        </peaking_filter>
                        <polarity_invert value="0"/>
                    </filter_setting>
                    <coefficients>
                        <coefficient>
                            <sample_rate value="44100"/>
                            <array value=""/>
                        </coefficient>
                        <coefficient>
                            <sample_rate value="48000"/>
                            <array value=""/>
                        </coefficient>
                        <coefficient>
                            <sample_rate value="96000"/>
                            <array value=""/>
                        </coefficient>
                        <coefficient>
                            <sample_rate value="192000"/>
                            <array value=""/>
                        </coefficient>
                    </coefficients>
                    <max_num_channels value="2"/>
                </filter_coefficients>
                <postgain value="0"/>
                <regulator-relaxation-amount value="96"/>
                <regulator-overdrive value="0"/>
                <regulator-timbre-preservation value="12"/>
                <regulator-speaker-dist-enable value="0"/>
                <regulator-tuning>
                    <threshold_high preset="array_20_zero"/>
                    <threshold_low preset="array_20_n192"/>
                    <isolated_band preset="array_20_zero"/>
                </regulator-tuning>
                <system-gain value="0"/>
            </tuning-vlldp>
        </profile>
        <profile type="off">
            <tuning-cp>
                <init-info>
                    <mi_process_disable value="0"/>
                    <virtual_bass_process_enable value="0"/>
                    <mode value="1"/>
                    <max_num_objects value="1"/>
                </init-info>
                <audio-optimizer-enable value="0"/>
                <audio-optimizer-bands>
                    <ch_00 preset="array_20_zero"/>
                    <ch_01 preset="array_20_zero"/>
                    <ch_02 preset="array_20_zero"/>
                    <ch_03 preset="array_20_zero"/>
                    <ch_04 preset="array_20_zero"/>
                    <ch_05 preset="array_20_zero"/>
                    <ch_06 preset="array_20_zero"/>
                    <ch_07 preset="array_20_zero"/>
                    <ch_08 preset="array_20_zero"/>
                    <ch_09 preset="array_20_zero"/>
                </audio-optimizer-bands>
                <bass-enhancer-enable value="0"/>
                <bass-enhancer-boost value="144"/>
                <bass-enhancer-cutoff-frequency value="100"/>
                <bass-enhancer-width value="32"/>
                <bass-extraction-enable value="0"/>
                <bass-extraction-cutoff-frequency value="200"/>
                <calibration-boost value="0"/>
                <dialog-enhancer-enable value="0"/>
                <dialog-enhancer-amount value="0"/>
                <dialog-enhancer-ducking value="0"/>
                <graphic-equalizer-enable value="0"/>
                <graphic-equalizer-bands preset="array_20_zero"/>
                <height-filter-mode value="0"/>
                <ieq-enable value="0"/>
                <ieq-amount value="10"/>
                <ieq-bands-set preset="ieq_balanced"/>
                <mi-dialog-enhancer-steering-enable value="0"/>
                <mi-dv-leveler-steering-enable value="0"/>
                <mi-ieq-steering-enable value="0"/>
                <mi-surround-compressor-steering-enable value="0"/>
                <mi-virt-steering-enable value="0"/>
                <postgain value="0"/>
                <pregain value="0"/>
                <process-optimizer-enable value="0"/>
                <process-optimizer-bands>
                    <ch_00 preset="array_20_zero"/>
                    <ch_01 preset="array_20_zero"/>
                    <ch_02 preset="array_20_zero"/>
                    <ch_03 preset="array_20_zero"/>
                    <ch_04 preset="array_20_zero"/>
                    <ch_05 preset="array_20_zero"/>
                    <ch_06 preset="array_20_zero"/>
                    <ch_07 preset="array_20_zero"/>
                    <ch_08 preset="array_20_zero"/>
                    <ch_09 preset="array_20_zero"/>
                </process-optimizer-bands>
                <regulator-enable value="0"/>
                <regulator-overdrive value="0"/>
                <regulator-relaxation-amount value="96"/>
                <regulator-speaker-dist-enable value="0"/>
                <regulator-timbre-preservation value="12"/>
                <regulator-tuning>
                    <threshold_high preset="array_20_zero"/>
                    <threshold_low preset="array_20_n192"/>
                    <isolated_band preset="array_20_zero"/>
                </regulator-tuning>
                <surround-boost value="0"/>
                <surround-decoder-enable value="0"/>
                <system-gain value="0"/>
                <virtualizer-front-speaker-angle value="10"/>
                <virtualizer-height-speaker-angle value="10"/>
                <virtualizer-surround-speaker-angle value="10"/>
                <virtual-bass-mix-freqs value="94,469"/>
                <virtual-bass-mode value="0"/>
                <virtual-bass-overall-gain value="0"/>
                <virtual-bass-subgains value="-32,-144,-192"/>
                <virtual-bass-slope-gain value="0"/>
                <virtual-bass-src-freqs value="35,160"/>
                <volmax-boost value="0"/>
                <volume-leveler-enable value="0"/>
                <volume-leveler-amount value="0"/>
                <volume-leveler-in-target value="-320"/>
                <volume-leveler-out-target value="-320"/>
                <volume-modeler-enable value="0"/>
                <volume-modeler-calibration value="0"/>
                <output-mode-partial-surround-virtualizer-enable value="0"/>
                <output-mode-partial-height-virtualizer-enable value="0"/>
                <output-mode>
                    <processing_mode value="1"/>
                    <nb_output_channels value="2"/>
                    <mix_matrix value=""/>
                    <output_ports value=""/>
                </output-mode>
            </tuning-cp>
            <tuning-vlldp>
                <audio-optimizer-bands>
                    <ch_00 value="0,0,0,0,0,0,0,0,0,0,0,2,4,6,8,10,12,12,14,16"/>
                    <ch_01 value="0,0,0,0,0,0,0,0,0,0,0,2,4,6,8,10,12,12,14,16"/>
                    <ch_02 value="0,0,0,0,0,0,0,0,0,0,0,2,4,6,8,10,12,12,14,16"/>
                    <ch_03 value="0,0,0,0,0,0,0,0,0,0,0,2,4,6,8,10,12,12,14,16"/>
                    <ch_04 value="0,0,0,0,0,0,0,0,0,0,0,2,4,6,8,10,12,12,14,16"/>
                    <ch_05 value="0,0,0,0,0,0,0,0,0,0,0,2,4,6,8,10,12,12,14,16"/>
                    <ch_06 value="0,0,0,0,0,0,0,0,0,0,0,2,4,6,8,10,12,12,14,16"/>
                    <ch_07 value="0,0,0,0,0,0,0,0,0,0,0,2,4,6,8,10,12,12,14,16"/>
                </audio-optimizer-bands>
                <audio-optimizer-enable value="0"/>
                <filter_coefficients>
                    <filter_setting>
                        <crossover_enable value="0"/>
                        <input_ch_0_1_crossover>
                            <frequency value="100"/>
                            <order value="4"/>
                        </input_ch_0_1_crossover>
                        <woofer_high_pass_filter>
                            <enable value="0"/>
                            <frequency value="100"/>
                            <order value="4"/>
                        </woofer_high_pass_filter>
                        <peaking_filter>
                            <enable value="0"/>
                            <frequency value="100"/>
                            <gain value="0"/>
                            <q value="1.000000"/>
                        </peaking_filter>
                        <polarity_invert value="0"/>
                    </filter_setting>
                    <coefficients>
                        <coefficient>
                            <sample_rate value="44100"/>
                            <array value=""/>
                        </coefficient>
                        <coefficient>
                            <sample_rate value="48000"/>
                            <array value=""/>
                        </coefficient>
                        <coefficient>
                            <sample_rate value="96000"/>
                            <array value=""/>
                        </coefficient>
                        <coefficient>
                            <sample_rate value="192000"/>
                            <array value=""/>
                        </coefficient>
                    </coefficients>
                    <max_num_channels value="2"/>
                </filter_coefficients>
                <postgain value="0"/>
                <regulator-relaxation-amount value="96"/>
                <regulator-overdrive value="0"/>
                <regulator-timbre-preservation value="12"/>
                <regulator-speaker-dist-enable value="0"/>
                <regulator-tuning>
                    <threshold_high preset="array_20_zero"/>
                    <threshold_low preset="array_20_n192"/>
                    <isolated_band preset="array_20_zero"/>
                </regulator-tuning>
                <system-gain value="0"/>
            </tuning-vlldp>
        </profile>
    </endpoint>
</device_data>
