{"options":{"check_for_updates":true,"comment":null,"compat_foreach":false,"compat_metadata":false,"compat_powerful_this":null,"compat_wrappedjsobject":false,"compatopts_for_requires":true,"noframes":null,"override":{"merge_connects":true,"merge_excludes":true,"merge_includes":true,"merge_matches":true,"orig_connects":[],"orig_excludes":[],"orig_includes":["/^https?://music\\.163\\.com/.*$/"],"orig_matches":[],"orig_noframes":null,"orig_run_at":"document-idle","orig_run_in":[],"use_blockers":[],"use_connects":[],"use_excludes":[],"use_includes":[],"use_matches":[]},"run_at":null,"run_in":null,"sandbox":null,"tags":[],"unwrap":null,"user_modified":null},"settings":{"enabled":true,"position":5},"meta":{"name":"163 Music Downloader 网易云音乐下载助手","uuid":"70c99635-88a0-4f3c-913a-a5277380fe97","modified":1668043056301,"file_url":"https://greasyfork.org/scripts/379002-163-music-downloader-%E7%BD%91%E6%98%93%E4%BA%91%E9%9F%B3%E4%B9%90%E4%B8%8B%E8%BD%BD%E5%8A%A9%E6%89%8B/code/163%20Music%20Downloader%20%E7%BD%91%E6%98%93%E4%BA%91%E9%9F%B3%E4%B9%90%E4%B8%8B%E8%BD%BD%E5%8A%A9%E6%89%8B.user.js"}}