{"ts":1764939164375,"data":{"components":"o{\"settingsPanel\": {\"enabled\": true,\"options\": {\"themeColor\": \"#00A0D8\",\"scriptLoadingMode\": \"延后\",\"styleLoadingMode\": \"同时\",\"textColor\": \"自动\",\"cdnRoot\": \"AltCdn\",\"dockSide\": \"左侧\",\"filenameFormat\": \"[title][ - ep]\",\"batchFilenameFormat\": \"[n - ][ep]\",\"downloadPackageEmitMode\": \"打包下载\",\"devMode\": false}},\"launchBar\": {\"enabled\": true,\"options\": {}},\"i18n\": {\"enabled\": true,\"options\": {\"language\": \"简体中文\",\"translator\": \"GoogleCN\"}},\"autoUpdate\": {\"enabled\": true,\"options\": {\"lastUpdateCheck\": 1764934587064,\"lastInstalledVersion\": \"2.10.4\",\"localPortOverride\": \"\",\"minimumDuration\": 86400000,\"urls\": {\"components\": {},\"plugins\": {},\"styles\": {}},\"maxUpdateCount\": 4}},\"notifyNewVersion\": {\"enabled\": true,\"options\": {\"lastUpdateCheck\": 1764896574352,\"minimumDuration\": 86400000}},\"bisector\": {\"enabled\": true,\"options\": {\"originalComponentEnableState\": {},\"keepDisabledComponents\": [],\"keepEnabledComponents\": [],\"bisectInitialState\": {}}},\"compatibilities\": {\"enabled\": true,\"options\": {\"disableOnBalh\": true}}}","plugins":"o{\"launchBar.actions.IDSearch\": true}","userComponents":"o{}","userPlugins":"o{}","userStyles":"o{}"}}