{"ts":1764935448760,"data":{"SmlleGlfSW50ZXJmYWNlX0xhc3RfUGxheQ==":"s{\"key\":\"Jiexi_Interface_Last_Play\",\"value\":\"接口:云析\",\"exp\":-1}","SmlleGlfSW50ZXJmYWNlX0xhc3RfUGxheV9Vcmw=":"s{\"key\":\"Jiexi_Interface_Last_Play_Url\",\"value\":\"https://yparse.ik9.cc/index.php?url=\",\"exp\":-1}","YmlsaUluZm8tMjEwNTMzMjU3":"s{\"key\":\"biliInfo-210533257\",\"value\":{\"bvid\":\"BV1Ja411q7uG\",\"aid\":210533257,\"videos\":1,\"tid\":201,\"tid_v2\":2179,\"tname\":\"科学科普\",\"tname_v2\":\"健康科普\",\"copyright\":1,\"pic\":\"http://i0.hdslb.com/bfs/archive/3fd0c1f3313ac329b89c9c66867f59b40702dfb0.jpg\",\"title\":\"AED是什么？自动体外除颤器，你也可以学会用！\",\"pubdate\":1641904138,\"ctime\":1641904138,\"desc\":\"\",\"desc_v2\":null,\"state\":0,\"duration\":164,\"rights\":{\"bp\":0,\"elec\":0,\"download\":1,\"movie\":0,\"pay\":0,\"hd5\":0,\"no_reprint\":1,\"autoplay\":1,\"ugc_pay\":0,\"is_cooperation\":0,\"ugc_pay_preview\":0,\"no_background\":0,\"clean_mode\":0,\"is_stein_gate\":0,\"is_360\":0,\"no_share\":0,\"arc_pay\":0,\"free_watch\":0},\"owner\":{\"mid\":1758497686,\"name\":\"心内科崔博士\",\"face\":\"https://i0.hdslb.com/bfs/face/member/noface.jpg\"},\"stat\":{\"aid\":210533257,\"view\":20317,\"danmaku\":4,\"reply\":4,\"favorite\":483,\"coin\":37,\"share\":657,\"now_rank\":0,\"his_rank\":0,\"like\":190,\"dislike\":0,\"evaluation\":\"\",\"vt\":0},\"argue_info\":{\"argue_msg\":\"\",\"argue_type\":0,\"argue_link\":\"\"},\"dynamic\":\"\",\"cid\":482218298,\"dimension\":{\"width\":1920,\"height\":1080,\"rotate\":0},\"premiere\":null,\"teenage_mode\":0,\"is_chargeable_season\":false,\"is_story\":false,\"is_upower_exclusive\":false,\"is_upower_play\":false,\"is_upower_preview\":false,\"enable_vt\":0,\"vt_display\":\"\",\"is_upower_exclusive_with_qa\":false,\"no_cache\":false,\"pages\":[{\"cid\":482218298,\"page\":1,\"from\":\"vupload\",\"part\":\"AED\",\"duration\":164,\"vid\":\"\",\"weblink\":\"\",\"dimension\":{\"width\":1920,\"height\":1080,\"rotate\":0},\"first_frame\":\"http://i0.hdslb.com/bfs/storyff/n220111qn2ouea316u085fnnc458n3ei_firsti.jpg\",\"ctime\":1641904138}],\"subtitle\":{\"allow_submit\":false,\"list\":[]},\"is_season_display\":false,\"user_garb\":{\"url_image_ani_cut\":\"\"},\"honor_reply\":{},\"like_icon\":\"\",\"need_jump_bv\":false,\"disable_show_up_info\":false,\"is_story_play\":1,\"is_view_self\":false},\"exp\":1763437390793}","YmlsaUluZm8tNzczMTgwOTk=":"s{\"key\":\"biliInfo-77318099\",\"value\":{\"bvid\":\"BV1LJ41197nn\",\"aid\":77318099,\"videos\":1,\"tid\":21,\"tid_v2\":2179,\"tname\":\"日常\",\"tname_v2\":\"健康科普\",\"copyright\":1,\"pic\":\"http://i1.hdslb.com/bfs/archive/2b8b676ca673814604546f90f7641e1cb7589d4f.jpg\",\"title\":\"掌握心脏骤停急救法，能够第一时间挽救患者生命\",\"pubdate\":1574929496,\"ctime\":1574929496,\"desc\":\"心脏骤停分秒必争，时间就是生命，需立即开展现场急救。掌握心脏骤停的急救方法，就为患者增添一份生存的希望。\",\"desc_v2\":[{\"raw_text\":\"心脏骤停分秒必争，时间就是生命，需立即开展现场急救。掌握心脏骤停的急救方法，就为患者增添一份生存的希望。\",\"type\":1,\"biz_id\":0}],\"state\":0,\"duration\":206,\"rights\":{\"bp\":0,\"elec\":0,\"download\":1,\"movie\":0,\"pay\":0,\"hd5\":0,\"no_reprint\":1,\"autoplay\":1,\"ugc_pay\":0,\"is_cooperation\":0,\"ugc_pay_preview\":0,\"no_background\":0,\"clean_mode\":0,\"is_stein_gate\":0,\"is_360\":0,\"no_share\":0,\"arc_pay\":0,\"free_watch\":0},\"owner\":{\"mid\":92601724,\"name\":\"科普中国\",\"face\":\"https://i1.hdslb.com/bfs/face/429a4da626133814daa87bdc81da0c2b69ffa789.jpg\"},\"stat\":{\"aid\":77318099,\"view\":40240,\"danmaku\":12,\"reply\":61,\"favorite\":1736,\"coin\":420,\"share\":1661,\"now_rank\":0,\"his_rank\":0,\"like\":1394,\"dislike\":0,\"evaluation\":\"\",\"vt\":0},\"argue_info\":{\"argue_msg\":\"\",\"argue_type\":0,\"argue_link\":\"\"},\"dynamic\":\"#心脏骤停##急救法##挽救生命#\",\"cid\":132258187,\"dimension\":{\"width\":1280,\"height\":720,\"rotate\":0},\"premiere\":null,\"teenage_mode\":0,\"is_chargeable_season\":false,\"is_story\":false,\"is_upower_exclusive\":false,\"is_upower_play\":false,\"is_upower_preview\":false,\"enable_vt\":0,\"vt_display\":\"\",\"is_upower_exclusive_with_qa\":false,\"no_cache\":false,\"pages\":[{\"cid\":132258187,\"page\":1,\"from\":\"vupload\",\"part\":\"心脏骤停急救法\",\"duration\":206,\"vid\":\"\",\"weblink\":\"\",\"dimension\":{\"width\":1280,\"height\":720,\"rotate\":0},\"ctime\":1574929496}],\"subtitle\":{\"allow_submit\":false,\"list\":[]},\"is_season_display\":false,\"user_garb\":{\"url_image_ani_cut\":\"\"},\"honor_reply\":{},\"like_icon\":\"\",\"need_jump_bv\":false,\"disable_show_up_info\":false,\"is_story_play\":1,\"is_view_self\":false},\"exp\":1763437091607}","YmlsaUluZm8tMTE1NDc4NTUwODE0Mzc3":"s{\"key\":\"biliInfo-115478550814377\",\"value\":{\"bvid\":\"BV1ZMydB8Ewp\",\"aid\":115478550814377,\"videos\":1,\"tid\":182,\"tid_v2\":2001,\"tname\":\"影视杂谈\",\"tname_v2\":\"影视解读\",\"copyright\":1,\"pic\":\"http://i1.hdslb.com/bfs/archive/5dbb20505683a92784b624a81662442f9884bcd4.jpg\",\"title\":\"50年没人敢碰，却让冯小刚拍爽了！独家解读《芳华》（上）\",\"pubdate\":1762077600,\"ctime\":1762063714,\"desc\":\"《芳华》解读（上）\",\"desc_v2\":[{\"raw_text\":\"《芳华》解读（上）\",\"type\":1,\"biz_id\":0}],\"state\":0,\"duration\":2391,\"mission_id\":4048617,\"rights\":{\"bp\":0,\"elec\":0,\"download\":1,\"movie\":0,\"pay\":0,\"hd5\":1,\"no_reprint\":1,\"autoplay\":1,\"ugc_pay\":0,\"is_cooperation\":0,\"ugc_pay_preview\":0,\"no_background\":0,\"clean_mode\":0,\"is_stein_gate\":0,\"is_360\":0,\"no_share\":0,\"arc_pay\":0,\"free_watch\":0},\"owner\":{\"mid\":588554491,\"name\":\"聊会电影吧\",\"face\":\"https://i1.hdslb.com/bfs/face/829130e1b31e4a9de42687d27e7adf8a9448e46b.jpg\"},\"stat\":{\"aid\":115478550814377,\"view\":13941392,\"danmaku\":90486,\"reply\":16617,\"favorite\":293006,\"coin\":392656,\"share\":265394,\"now_rank\":0,\"his_rank\":8,\"like\":495614,\"dislike\":0,\"evaluation\":\"\",\"vt\":0},\"argue_info\":{\"argue_msg\":\"\",\"argue_type\":0,\"argue_link\":\"\"},\"dynamic\":\"先来点前菜试试火力！~\",\"cid\":33618005690,\"dimension\":{\"width\":1920,\"height\":1080,\"rotate\":0},\"premiere\":null,\"teenage_mode\":1,\"is_chargeable_season\":false,\"is_story\":false,\"is_upower_exclusive\":false,\"is_upower_play\":false,\"is_upower_preview\":false,\"enable_vt\":0,\"vt_display\":\"\",\"is_upower_exclusive_with_qa\":false,\"no_cache\":false,\"pages\":[{\"cid\":33618005690,\"page\":1,\"from\":\"vupload\",\"part\":\"50年没人敢碰，却让冯小刚拍爽了！独家解读《芳华》（上）\",\"duration\":2391,\"vid\":\"\",\"weblink\":\"\",\"dimension\":{\"width\":1920,\"height\":1080,\"rotate\":0},\"first_frame\":\"http://i2.hdslb.com/bfs/storyff/_000000n0ni7zsfv1p2mjlp6h83jmd2b_firsti.jpg\",\"ctime\":1762063714}],\"subtitle\":{\"allow_submit\":false,\"list\":[]},\"is_season_display\":false,\"user_garb\":{\"url_image_ani_cut\":\"\"},\"honor_reply\":{\"honor\":[{\"aid\":115478550814377,\"type\":3,\"desc\":\"全站排行榜最高第8名\",\"weekly_recommend_num\":0},{\"aid\":115478550814377,\"type\":7,\"desc\":\"热门收录\",\"weekly_recommend_num\":0}]},\"like_icon\":\"\",\"need_jump_bv\":false,\"disable_show_up_info\":false,\"is_story_play\":1,\"is_view_self\":false},\"exp\":1765539408436}","YmlsaUluZm8tMTE1NjMxODc3NzkxMzQ1":"s{\"key\":\"biliInfo-115631877791345\",\"value\":{\"bvid\":\"BV1hEUZBKErE\",\"aid\":115631877791345,\"videos\":1,\"tid\":182,\"tid_v2\":2001,\"tname\":\"影视杂谈\",\"tname_v2\":\"影视解读\",\"copyright\":1,\"pic\":\"http://i1.hdslb.com/bfs/archive/d16c0115bf5ff9d30dd6803d3e27e1adfacaa643.jpg\",\"title\":\"全网独家！依旧强度拉满！没人比我更懂《芳华》（中下）\",\"pubdate\":1764410400,\"ctime\":1764402791,\"desc\":\"解读《芳华》第三期\",\"desc_v2\":[{\"raw_text\":\"解读《芳华》第三期\",\"type\":1,\"biz_id\":0}],\"state\":0,\"duration\":2208,\"rights\":{\"bp\":0,\"elec\":0,\"download\":1,\"movie\":0,\"pay\":0,\"hd5\":1,\"no_reprint\":1,\"autoplay\":1,\"ugc_pay\":0,\"is_cooperation\":0,\"ugc_pay_preview\":0,\"no_background\":0,\"clean_mode\":0,\"is_stein_gate\":0,\"is_360\":0,\"no_share\":0,\"arc_pay\":0,\"free_watch\":0},\"owner\":{\"mid\":588554491,\"name\":\"聊会电影吧\",\"face\":\"https://i1.hdslb.com/bfs/face/829130e1b31e4a9de42687d27e7adf8a9448e46b.jpg\"},\"stat\":{\"aid\":115631877791345,\"view\":13308020,\"danmaku\":404430,\"reply\":28193,\"favorite\":305351,\"coin\":710203,\"share\":323322,\"now_rank\":0,\"his_rank\":1,\"like\":622170,\"dislike\":0,\"evaluation\":\"\",\"vt\":0},\"argue_info\":{\"argue_msg\":\"\",\"argue_type\":0,\"argue_link\":\"\"},\"dynamic\":\"《芳华》第三期来了！记得三连支持下哈~\",\"cid\":34357448396,\"dimension\":{\"width\":1920,\"height\":1080,\"rotate\":0},\"premiere\":null,\"teenage_mode\":1,\"is_chargeable_season\":false,\"is_story\":false,\"is_upower_exclusive\":false,\"is_upower_play\":false,\"is_upower_preview\":false,\"enable_vt\":0,\"vt_display\":\"\",\"is_upower_exclusive_with_qa\":false,\"no_cache\":false,\"pages\":[{\"cid\":34357448396,\"page\":1,\"from\":\"vupload\",\"part\":\"全网独家！依旧强度拉满！没人比我更懂《芳华》（中下）\",\"duration\":2208,\"vid\":\"\",\"weblink\":\"\",\"dimension\":{\"width\":1920,\"height\":1080,\"rotate\":0},\"first_frame\":\"http://i2.hdslb.com/bfs/storyff/_000002zp4da6r288r27y9n3kdy8vovb_firsti.jpg\",\"ctime\":1764402791}],\"subtitle\":{\"allow_submit\":false,\"list\":[]},\"is_season_display\":false,\"user_garb\":{\"url_image_ani_cut\":\"\"},\"honor_reply\":{\"honor\":[{\"aid\":115631877791345,\"type\":3,\"desc\":\"全站排行榜最高第1名\",\"weekly_recommend_num\":0},{\"aid\":115631877791345,\"type\":7,\"desc\":\"热门收录\",\"weekly_recommend_num\":0}]},\"like_icon\":\"\",\"need_jump_bv\":false,\"disable_show_up_info\":false,\"is_story_play\":1,\"is_view_self\":false},\"exp\":1765539619983}","YmlsaUluZm8tMTE1NTI5NTIwMDU5NTY2":"s{\"key\":\"biliInfo-115529520059566\",\"value\":{\"bvid\":\"BV1JwkrBHEe6\",\"aid\":115529520059566,\"videos\":1,\"tid\":182,\"tid_v2\":2001,\"tname\":\"影视杂谈\",\"tname_v2\":\"影视解读\",\"copyright\":1,\"pic\":\"http://i0.hdslb.com/bfs/archive/1b8d5604f08d493a7d8d3e25ea306dff241f8197.jpg\",\"title\":\"全网独家！没人比我更懂《芳华》！（中）\",\"pubdate\":1762855200,\"ctime\":1762840903,\"desc\":\"《芳华》第二期\",\"desc_v2\":[{\"raw_text\":\"《芳华》第二期\",\"type\":1,\"biz_id\":0}],\"state\":0,\"duration\":1736,\"mission_id\":4048617,\"rights\":{\"bp\":0,\"elec\":0,\"download\":1,\"movie\":0,\"pay\":0,\"hd5\":1,\"no_reprint\":1,\"autoplay\":1,\"ugc_pay\":0,\"is_cooperation\":0,\"ugc_pay_preview\":0,\"no_background\":0,\"clean_mode\":0,\"is_stein_gate\":0,\"is_360\":0,\"no_share\":0,\"arc_pay\":0,\"free_watch\":0},\"owner\":{\"mid\":588554491,\"name\":\"聊会电影吧\",\"face\":\"https://i1.hdslb.com/bfs/face/829130e1b31e4a9de42687d27e7adf8a9448e46b.jpg\"},\"stat\":{\"aid\":115529520059566,\"view\":9719738,\"danmaku\":361525,\"reply\":24775,\"favorite\":178434,\"coin\":399741,\"share\":133475,\"now_rank\":0,\"his_rank\":3,\"like\":432568,\"dislike\":0,\"evaluation\":\"\",\"vt\":0},\"argue_info\":{\"argue_msg\":\"\",\"argue_type\":0,\"argue_link\":\"\"},\"dynamic\":\"《芳华》第二期，来啦！~\",\"cid\":33908461525,\"dimension\":{\"width\":1920,\"height\":1080,\"rotate\":0},\"premiere\":null,\"teenage_mode\":1,\"is_chargeable_season\":false,\"is_story\":false,\"is_upower_exclusive\":false,\"is_upower_play\":false,\"is_upower_preview\":false,\"enable_vt\":0,\"vt_display\":\"\",\"is_upower_exclusive_with_qa\":false,\"no_cache\":false,\"pages\":[{\"cid\":33908461525,\"page\":1,\"from\":\"vupload\",\"part\":\"全网独家！没人比我更懂《芳华》！（中）\",\"duration\":1736,\"vid\":\"\",\"weblink\":\"\",\"dimension\":{\"width\":1920,\"height\":1080,\"rotate\":0},\"first_frame\":\"http://i0.hdslb.com/bfs/storyff/_00002gzzee1ytnfg62lk6ua2ktajv6b_firsti.jpg\",\"ctime\":1762840903}],\"subtitle\":{\"allow_submit\":false,\"list\":[]},\"is_season_display\":false,\"user_garb\":{\"url_image_ani_cut\":\"\"},\"honor_reply\":{\"honor\":[{\"aid\":115529520059566,\"type\":3,\"desc\":\"全站排行榜最高第3名\",\"weekly_recommend_num\":0},{\"aid\":115529520059566,\"type\":7,\"desc\":\"热门收录\",\"weekly_recommend_num\":0}]},\"like_icon\":\"\",\"need_jump_bv\":false,\"disable_show_up_info\":false,\"is_story_play\":1,\"is_view_self\":false},\"exp\":1765540248760}"}}