{"options":{"check_for_updates":true,"comment":null,"compat_foreach":false,"compat_metadata":false,"compat_powerful_this":null,"compat_wrappedjsobject":false,"compatopts_for_requires":true,"noframes":null,"override":{"merge_connects":true,"merge_excludes":true,"merge_includes":true,"merge_matches":true,"orig_connects":["api.wandhi.com","api.huizhek.com","cdn.jsdelivr.net","tool.manmanbuy.com","gwdang.com","scriptcat.org","quark.cn","openapi.baidu.com","localhost","pan.baidu.com","api.bilibili.com"],"orig_excludes":["*://vip.wandhi.com/*"],"orig_includes":["*://item.taobao.com/*","*://s.taobao.com/search*","*://list.tmall.com/search_product.htm*","*://detail.tmall.com/*","*://chaoshi.detail.tmall.com/*","*://detail.tmall.hk/*","*://item.yiyaojd.com/*","*://item.jd.com/*","*://search.jd.com/*","*://item.jd.hk/*","*://search.kaola.com/*","*://goods.kaola.com*","*://detail.vip.com/detail-*","*://product.suning.com/*"],"orig_matches":["*://*blog.csdn.net/*","*://*download.csdn.net/*","*://*wenku.csdn.net/*","*://*c.pc.qq.com/middlem*","*://*pan.baidu.com/disk/main*","*://link.csdn.net/*","*://link.zhihu.com/*","*://browser.gwdang.com/*","*://*www.jianshu.com/go-wild*","*://*gitee.com/link*","*://*juejin.cn/?target*","*://www.aliyundrive.com/drive*","*://www.alipan.com/drive/*","*://*.youtube.com/watch?v=*","*://support.qq.com/products*","*://weibo.cn/sinaurl*","*://afdian.net/link*","*://*oschina.net/action/GoToLink*","*://jump2.bdimg.com/safecheck*","*://www.douban.com/link2/?url*","*://link.17173.com*","*://search.suning.com/*","*://pan.quark.cn/*","*://docs.qq.com/scenario/link*","*://mail.qq.com/cgi-bin/readtemplate*","*://cloud.tencent.com/developer/tools/blog-entry*","*://link.uisdc.com/*","*://*.tudou.com/listplay/*","*://*.tudou.com/albumplay/*","*://*.tudou.com/programs/view/*","*://*.tudou.com/v*","*://*.mgtv.com/b/*","*://film.sohu.com/album/*","*://tv.sohu.com/v/*","*://*.acfun.cn/v/*","*://*.bilibili.com/video/*","*://*.bilibili.com/anime/*","*://*.bilibili.com/bangumi/play/*","*://*.pptv.com/show/*","*://*.baofeng.com/play/*","*://*.wasu.cn/Play/show*","*://v.yinyuetai.com/video/*","*://v.yinyuetai.com/playlist/*","*://*.wasu.cn/Play/show/*","*://music.taihe.com/song*","*://music.163.com/song*","*://music.163.com/m/song*","*://y.qq.com/*","*://*.kugou.com/*","*://*.kuwo.cn/*","*://*.xiami.com/*","*://music.taihe.com/*","*://*.1ting.com/player*","*://www.qingting.fm/*","*://www.lizhi.fm/*","*://music.migu.cn/*","*://www.shangxueba.com/ask/*.html","*://www.ximalaya.com/*","*://www.shangxueba.com/ask/*.html","*://pan.baidu.com/disk/home*","*://yun.baidu.com/disk/home*","*://pan.baidu.com/s/*","*://yun.baidu.com/s/*","*://pan.baidu.com/share/link*","*://yun.baidu.com/share/link*","*://wenku.baidu.com/view/*","*://settings.wandhi.com/*","*://m.youku.com/v*","*://m.youku.com/a*","*://v.youku.com/v_*","*://v.youku.com/video*","*://v.youku.com/pad_show*","*://*.iqiyi.com/v_*","*://*.iqiyi.com/w_*","*://*.iqiyi.com/a_*","*://*.iqiyi.com/adv*","*://*.iq.com/play/*","*://*.le.com/ptv/vplay/*","*://v.qq.com/x/cover/*","*://v.qq.com/x/page/*","*://v.qq.com/*play*","*://v.qq.com/cover*","*://c.pc.qq.com/ios*","*://www.v2ex.com/t/*","*://*.nodeseek.com/jump*","*://*.zhihu.com/question*","*://www.baidu.com/*","*://www.google.com/*","*://www.sogou.com/*","*://www.so.com/s*","*://cn.bing.com/search*","*://sspai.com/link*","*://*.kdocs.cn/office/link*","*://ispacesoft.com/*.html","*://tv.wandhi.com/go.html*","*://tv.wandhi.com/tv/tv.html*","*://tv.wandhi.com/check.html","*://*.xiaohongshu.com/explore*","*://www.yuque.com/r/goto*","*://blog.51cto.com/transfer*","*://r.wjx.com/redirect.aspx*","*://www.infoq.cn/link*","*://open.work.weixin.qq.com/wwopen/uriconfirm?uri=","*://link.gitcode.com/?target=*","*://wx.mail.qq.com/xmspamcheck/xmsafejump*","*://n.dingtalk.com/dingding/h5-url-verification*"],"orig_noframes":null,"orig_run_at":"document-end","orig_run_in":[],"orig_tags":[],"use_blockers":[],"use_connects":[],"use_excludes":[],"use_includes":[],"use_matches":[]},"run_at":null,"run_in":null,"sandbox":null,"tags":[],"unwrap":null,"user_modified":null},"settings":{"enabled":true,"position":8},"meta":{"name":"【玩的嗨】VIP工具箱,夸克网盘直链批量获取,一站式音乐搜索下载,获取B站封面,下载B站视频等众多功能聚合 长期更新,放心食用","uuid":"c266eb49-5c24-4540-9fc3-0d12af935e6f","modified":1763898182687,"file_url":"https://scriptcat.org/scripts/code/72/%E3%80%90%E7%8E%A9%E7%9A%84%E5%97%A8%E3%80%91VIP%E5%B7%A5%E5%85%B7%E7%AE%B1%2C%E5%A4%B8%E5%85%8B%E7%BD%91%E7%9B%98%E7%9B%B4%E9%93%BE%E6%89%B9%E9%87%8F%E8%8E%B7%E5%8F%96%2C%E4%B8%80%E7%AB%99%E5%BC%8F%E9%9F%B3%E4%B9%90%E6%90%9C%E7%B4%A2%E4%B8%8B%E8%BD%BD%2C%E8%8E%B7%E5%8F%96B%E7%AB%99%E5%B0%81%E9%9D%A2%2C%E4%B8%8B%E8%BD%BDB%E7%AB%99%E8%A7%86%E9%A2%91%E7%AD%89%E4%BC%97%E5%A4%9A%E5%8A%9F%E8%83%BD%E8%81%9A%E5%90%88%20%E9%95%BF%E6%9C%9F%E6%9B%B4%E6%96%B0%2C%E6%94%BE%E5%BF%83%E9%A3%9F%E7%94%A8.user.js"}}