{"options":{"check_for_updates":true,"comment":null,"compat_foreach":false,"compat_metadata":false,"compat_powerful_this":null,"compat_wrappedjsobject":false,"compatopts_for_requires":true,"noframes":null,"override":{"merge_connects":true,"merge_excludes":true,"merge_includes":true,"merge_matches":true,"orig_connects":["s-file-1.ykt.cbern.com.cn","*.ykt.cbern.com.cn"],"orig_excludes":[],"orig_includes":[],"orig_matches":["https://basic.smartedu.cn/tchMaterial/detail*"],"orig_noframes":null,"orig_run_at":"document-idle","orig_run_in":[],"orig_tags":[],"use_blockers":[],"use_connects":[],"use_excludes":[],"use_includes":[],"use_matches":[]},"run_at":null,"run_in":null,"sandbox":null,"tags":[],"unwrap":null,"user_modified":null},"settings":{"enabled":true,"position":2},"meta":{"name":"国家中小学智慧教育平台电子课本一键下载","uuid":"db0158ba-52de-4267-9d10-9cb87396ffe4","modified":1761128022400,"file_url":"https://update.greasyfork.org/scripts/553351/%E5%9B%BD%E5%AE%B6%E4%B8%AD%E5%B0%8F%E5%AD%A6%E6%99%BA%E6%85%A7%E6%95%99%E8%82%B2%E5%B9%B3%E5%8F%B0%E7%94%B5%E5%AD%90%E8%AF%BE%E6%9C%AC%E4%B8%80%E9%94%AE%E4%B8%8B%E8%BD%BD.user.js"}}