<?xml version="1.0" encoding="utf-8"?>
<CleanCollection>
  <Item Name="更新清理" Level="2">
    <Discription>清理被取代的组件并减少组件存储的大小。</Discription>
    <Warning>清理后将无法卸载更新，如果有卸载更新需求请勿使用此选项。</Warning>
    <Group>过期文件</Group>
    <ScanCollection>
      <!--在这里填写扫描规则，Dism++将自动匹配第一条命中的规则-->
      <Scan Type="Custom">
        <!--不编写条件表示总是命中,CustomCall表示执行指定函数   Module -->
        <Custom ProcName="DismComponentCleanup"/>
      </Scan>
    </ScanCollection>
  </Item>

  <Item Name="过期驱动" Level="0">
    <Discription>删除计算机中不使用的驱动程序以节省驱动存储池空间。</Discription>
    <Warning>该功能对于某些精简系统或者手动处理过驱动的系统可能发生驱动签名问题。</Warning>
    <Group>过期文件</Group>
    <ScanCollection>
      <!--在这里填写扫描规则，Dism++将自动匹配第一条命中的规则-->
      <Scan Type="Custom">
        <!--不编写条件表示总是命中,CustomCall表示执行指定函数   Module -->
        <Custom ProcName="DismDriverCleanup"/>
      </Scan>
    </ScanCollection>
  </Item>

  <Item Name="Installer清理" Level="2">
    <Discription>删除系统不需要的msi以及msp文件，并对安装源进行硬链接合并进一步缩小体积。</Discription>
    <Group>Windows系统相关</Group>
    <ScanCollection>
      <!--在这里填写扫描规则，Dism++将自动匹配第一条命中的规则-->
      <Scan Type="Custom">
        <!--不编写条件表示总是命中,CustomCall表示执行指定函数   Module -->
        <Custom ProcName="DismInstallerCleanup"/>
      </Scan>
    </ScanCollection>
  </Item>

  <Item Name="CompactOs-新增" Level="0">
    <Discription>对单纯读取的文件进行哈夫曼压缩，在不影响性能的情况下，显著减少系统体积。特别感谢矿工以及所有Compact团队成员无私的支持与帮助。</Discription>
    <Warning>目前该功能仅供测试，使用后可能导致系统无法启动，如果使用后无法启动系统，可以在PE中点击恢复功能，选择撤销Compact。</Warning>
    <Group>Windows系统相关</Group>
    <ScanCollection>
      <!--在这里填写扫描规则，Dism++将自动匹配第一条命中的规则-->
      
      <Scan Type="Custom">
        <Applicable>
          <ImageFlags>2</ImageFlags>
        </Applicable>
        <!--不编写条件表示总是命中,CustomCall表示执行指定函数   Module -->
        <Custom ProcName="DismCompactOs"/>
      </Scan>
    </ScanCollection>
  </Item>
  
  <Item Name="过期Metro应用" Level="0">
    <Discription>在Metro应用升级时，会留下老版本应用，该功能将删除那些不使用的老版本。</Discription>
    <Warning>少数用户报告称使用后无法打开Metro应用，需要重新安装Metro应用。</Warning>
    <Group>过期文件</Group>
    <ScanCollection>
      <Scan Type="Custom">
        <Applicable>
          <ImageFlags>1</ImageFlags>
          <RegExist Key="HKEY_LOCAL_MACHINE" SubKey="SOFTWARE\Microsoft\Windows\CurrentVersion\Appx" Value="PackageRoot"/>
        </Applicable>
        <Custom ProcName="DismAppxsCleanup"/>
      </Scan>
    </ScanCollection>
  </Item>
  
  <Item Name="WinSxS临时文件" Level="3">
    <Discription>系统更新时在WinSxS里面产生的临时文件。</Discription>
    <Group>临时文件相关</Group>
    <ScanCollection>
      <Scan Type="General">
        <General RootPath="%SystemDrive%\Windows\WinSxS\" Flags="File|Directory">
          <Query>Backup\*</Query>
          <Query>Temp\PendingDeletes\*</Query>
          <Query>ManifestCache\*</Query>
        </General>
      </Scan>
    </ScanCollection>
  </Item>

  <Item Name="Windows日志" Level="3">
    <Discription>Windows在运行时产生的日志。</Discription>
    <Group>临时文件相关</Group>
    <ScanCollection>
      <Scan Type="General">
        <General RootPath="%SystemDrive%\Windows\" Flags="File">
          <Query>*.dat</Query>
          <Query>*.log</Query>
          <Query>*.bak</Query>
          <Query>*log.txt</Query>
          <Query>SchedLgU.txt</Query>
        </General>
        <General RootPath="%SystemDrive%\Users\*\AppData\" Flags="File">
          <Query>Local\Microsoft\Windows\*.log</Query>
          <Query>Local\MigWiz\*.log</Query>
          <Query>Local\Microsoft\CLR_*\*.log</Query>
          <Query>Local\Microsoft\CLR_*\*\*.log</Query>
          <Query>Roaming\Microsoft\Windows\*.log</Query>
        </General>
        <General RootPath="%SystemDrive%\Windows\Logs\" Flags="File|Directory"/>
      </Scan>
    </ScanCollection>
  </Item>
  
  
  
  <Item Name="Windows下载缓存" Level="2">
    <Discription>Windows在下载更新以及更新Metro应用时会在这里产生临时安装包。</Discription>
    <Group>临时文件相关</Group>
    <ScanCollection>
      <Scan Type="General">
        <Applicable>
          <ImageFlags>1</ImageFlags>
        </Applicable>
        <General RootPath="%SystemDrive%\Windows\SoftwareDistribution\Download\" Flags="File|Directory"/>
          <!--Excluded 可以排除-->
      </Scan>
      
      <Scan Type="General">
        <General RootPath="%SystemDrive%\Windows\SoftwareDistribution\" Flags="File|Directory"/>
      </Scan>
    </ScanCollection>
  </Item>

  <Item Name="临时文件" Level="2">
    <Discription>一些程序为特定用户产生的临时文件。</Discription>
    <Group>临时文件相关</Group>
    <ScanCollection>
      <Scan Type="General">
        <Applicable>
          <ImageFlags>1</ImageFlags>
        </Applicable>
        <General RootPath="%SystemDrive%\Windows\Temp\" Flags="File|Directory"/>
        <General RootPath="%SystemDrive%\Users\*\AppData\Local\Temp\" Flags="File|Directory"/>
        <General RootPath="%Temp%" Flags="File|Directory"/>
        <!--Excluded 可以排除-->
      </Scan>

      <Scan Type="General">
        <General RootPath="%SystemDrive%\Users\*\AppData\Local\Temp\" Flags="File|Directory"/>
        <General RootPath="%SystemDrive%\Windows\Temp\" Flags="File|Directory"/>
      </Scan>
    </ScanCollection>
  </Item>


  <Item Name="Windows报告" Level="3">
    <Discription>当程序遇到某些问题时，系统会在这里留下稳定性报告，建议你定期清理。</Discription>
    <Group>Windows系统相关</Group>
    <ScanCollection>
      <Scan Type="General">
        <General RootPath="%SystemDrive%\Users\*\AppData\Local\Microsoft\Windows\WER\" Flags="File|Directory"/>
        <General RootPath="%SystemDrive%\ProgramData\Microsoft\Windows\WER\" Flags="File|Directory"/>
      </Scan>
    </ScanCollection>
  </Item>

  <Item Name="常见的驱动临时解压目录" Level="3">
    <Discription>Intel、AMD以及Nvidia驱动在安装时留下的解压目录。</Discription>
    <Group>临时文件相关</Group>
    <ScanCollection>
      <Scan Type="General">
        <General RootPath="%SystemDrive%" Flags="Directory">
          <Query>AMD</Query>
          <Query>Intel</Query>
          <Query>NVIDIA</Query>
        </General>
      </Scan>
    </ScanCollection>
  </Item>
  
  <Item Name="Terminal Server Client缓存" Level="3">
    <Discription>Terminal Server Client运行时产生的一些缓存文件。</Discription>
    <Group>临时文件相关</Group>
    <ScanCollection>
      <Scan Type="General">
        <General RootPath="%SystemDrive%\Users\*\AppData\Local\Microsoft\Terminal Server Client\" Flags="File|Directory"/>
      </Scan>
    </ScanCollection>
  </Item>

  <Item Name="以前的Windows系统" Level="2">
    <Discription>在系统升级或者还原后留下的系统备份，如果你确定保存了所有重要数据，那么可以安全删除。</Discription>
    <Group>过期文件</Group>
    <ScanCollection>
      <Scan Type="General">
        <General RootPath="%SystemDrive%\Windows.old*\" Flags="File|Directory"/>
      </Scan>
    </ScanCollection>
  </Item>

  <Item Name="Windows临时安装文件" Level="2">
    <Discription>在系统升级或者还原后留下的系统临时安装文件，如果你确定当前没有进行系统升级或者还原，那么可以安全删除。</Discription>
    <Group>临时文件相关</Group>
    <ScanCollection>
      <Scan Type="General">
        <General RootPath="%SystemDrive%\$Windows.~BT\" Flags="File|Directory"/>
      </Scan>
    </ScanCollection>
  </Item>

  <Item Name="QQ临时数据" Level="2">
    <Discription>QQ运行时产生的临时文件还有日志，不影响QQ消息记录，建议定期删除。</Discription>
    <Group>临时文件相关</Group>
    <ScanCollection>
      <Scan Type="General">
        <Applicable>
          <RegExist Key="HKEY_LOCAL_MACHINE" SubKey="SOFTWARE\Tencent" Wow64Key="True"/>
        </Applicable>
        <General RootPath="%SystemDrive%\Users\*\AppData\Roaming\Tencent\" Flags="File|Directory">
          <Query>Logs</Query>
          <Query>QQ</Query>
          <Query>TXSSO</Query>
        </General>
      </Scan>
    </ScanCollection>
  </Item>

  <Item Name="YY临时文件" Level="2">
    <Discription>YY运行时产生的一些临时文件以及日志，建议定期删除。</Discription>
    <Group>临时文件相关</Group>
    <ScanCollection>
      <Scan Type="General">
        <General RootPath="%SystemDrive%\Users\*\AppData\Roaming\duowan\yy\" Flags="File|Directory">
          <Query>log</Query>
          <Query>Cache</Query>
        </General>
      </Scan>
    </ScanCollection>
  </Item>

  <Item Name="Installer基线缓存" Level="1">
    <Discription>使用Installer技术的安装程序产生的缓存。</Discription>
    <Warning>可能导致卸载Office、VM等应用程序需要安装包。</Warning>
    <Group>Windows系统相关</Group>
    <ScanCollection>
      <Scan Type="General">
        <Applicable>
          <FileExist FilePath="%SystemDrive%\Windows\Installer\$PatchCache$" />
          <Not>
            <FileExist FilePath="%SystemDrive%\Program Files\Common Files\Apple" />
          </Not>
        </Applicable>
        <General RootPath="%SystemDrive%\Windows\Installer\$PatchCache$\" Flags="File|Directory"/>
      </Scan>
    </ScanCollection>
  </Item>

  <Item Name="Visual Studio安装源" Level="1">
    <Discription>安装Visual Studio后产生的安装源，如果不需要卸载VS可以考虑删除。</Discription>
    <Warning>清理后将无法卸载只能升级安装或者强行删除。</Warning>
    <Group>应用程序</Group>
    <ScanCollection>
      <Scan Type="General">
        <Applicable>
          <FileExist FilePath="%SystemDrive%\ProgramData\Package Cache" />
        </Applicable>
        <General RootPath="%SystemDrive%\ProgramData\Package Cache\" Flags="File|Directory"/>
      </Scan>
    </ScanCollection>
  </Item>

  <Item Name="Office安装源" Level="1">
    <Discription>安装Office后产生的安装源，如果不需要卸载Office可以考虑删除，删除后能正常安装Office更新。</Discription>
    <Warning>清理后将无法卸载只能升级安装或者强行删除，Office 2007以下版本（包含）删除后还影响安装更新。</Warning>
    <Group>应用程序</Group>
    <ScanCollection>
      <Scan Type="General">
        <Applicable>
          <FileExist FilePath="%SystemDrive%\MSOCache" />
        </Applicable>
        <General RootPath="%SystemDrive%\MSOCache\" Flags="File|Directory"/>
      </Scan>
    </ScanCollection>
  </Item>
  
</CleanCollection> 