{"autoReload":true,"configMode":100,"debug":true,"editor_autoLint":true,"editor_autoLintMaxLen":"1000000","editor_autoSave":false,"editor_easySave":true,"editor_electricChars":true,"editor_enabled":true,"editor_fontSize":"100","editor_highlightSelectionMatches":"cursor","editor_highlightTrailingWhitespace":true,"editor_indentUnit":"4","editor_indentWithTabs":"spaces","editor_keyMap":"windows","editor_lineWrapping":true,"editor_linter_config":null,"editor_tabMode":"indent","editor_tabSize":"4","editor_theme":"default","editor_trimTrailingSpacesFromModifiedLines":true,"i18n":"zh_CN","logLevel":80,"showFixedSrc":true,"trash_mode":"session","userscript_search_mode":"action_menu"}