{"options":{"check_for_updates":true,"comment":null,"compat_foreach":false,"compat_metadata":false,"compat_powerful_this":null,"compat_wrappedjsobject":true,"compatopts_for_requires":true,"noframes":null,"override":{"merge_connects":true,"merge_excludes":true,"merge_includes":true,"merge_matches":true,"orig_connects":[],"orig_excludes":[],"orig_includes":[],"orig_matches":["*://*.youtube.com/*","*://*.wikipedia.org/*","*://*.github.com/*","*://*.steampowered.com/*","*://*.twitter.com/*","*://*.reddit.com/*","*://*.google.com/","*://*.google.com/webhp*","*://*.google.com/search*","*://*.google.com/imghp*","*://scholar.google.com/*","*://*.google.com.hk/","*://*.google.com.hk/webhp*","*://*.google.com.hk/search*","*://*.google.com.hk/imghp*","*://scholar.google.com.hk/*","*://*.google.com.tw/","*://*.google.com.tw/webhp*","*://*.google.com.tw/search*","*://*.google.com.tw/imghp*","*://scholar.google.com.tw/*","*://*.google.co.jp/","*://*.google.co.jp/webhp*","*://*.google.co.jp/search*","*://*.google.co.jp/imghp*","*://scholar.google.co.jp/*","*://*.x.com/*","*://*.steamcommunity.com/*","*://*.youtu.be/*"],"orig_noframes":null,"orig_run_at":"document-idle","orig_run_in":[],"orig_tags":[],"use_blockers":[],"use_connects":[],"use_excludes":[],"use_includes":[],"use_matches":[]},"run_at":null,"run_in":[],"sandbox":null,"tags":[],"unwrap":null,"user_modified":null},"settings":{"enabled":true,"position":1},"meta":{"name":"国际网站 伪装成 国内网站(汇总)","uuid":"44b993ae-c3f4-413c-8cc1-0e41d951fdc0","modified":1744467046108,"file_url":"https://update.greasyfork.org/scripts/461427/%E5%9B%BD%E9%99%85%E7%BD%91%E7%AB%99%20%E4%BC%AA%E8%A3%85%E6%88%90%20%E5%9B%BD%E5%86%85%E7%BD%91%E7%AB%99%28%E6%B1%87%E6%80%BB%29.user.js"}}