{"options":{"check_for_updates":true,"comment":null,"compat_foreach":false,"compat_metadata":false,"compat_powerful_this":null,"compat_wrappedjsobject":false,"compatopts_for_requires":true,"noframes":null,"override":{"merge_connects":true,"merge_excludes":true,"merge_includes":true,"merge_matches":true,"orig_connects":[],"orig_excludes":[],"orig_includes":["*://v.youku.com/v_*","*://m.youku.com/v*","*://m.youku.com/a*","*://*.iqiyi.com/v_*","*://*.iqiyi.com/w_*","*://*.iqiyi.com/a_*","*://*.iqiyi.com/dianying/*","*://*.le.com/ptv/vplay/*","*://*v.qq.com/x/cover/*","*://*v.qq.com/x/page/*","*://*v.qq.com/play*","*://*v.qq.com/cover*","*://*.tudou.com/listplay/*","*://*.tudou.com/albumplay/*","*://*.tudou.com/programs/view/*","*://*.tudou.com/v*","*://*.mgtv.com/b/*","*://film.sohu.com/album/*","*://tv.sohu.com/*","*://*.bilibili.com/video/*","*://*.bilibili.com/anime/*","*://*.bilibili.com/bangumi/play/*","*://*.pptv.com/show/*","*://*.wasu.cn/Play/show*","*://*.1905.com/play/*","*://chinese-elements.com/*"],"orig_matches":[],"orig_noframes":null,"orig_run_at":"document-idle","use_blockers":[],"use_connects":[],"use_excludes":[],"use_includes":[],"use_matches":[]},"run_at":null,"sandbox":null,"tab_types":null,"unwrap":null},"settings":{"enabled":true,"position":49},"meta":{"name":"[timerd][网络电视] 腾讯、爱奇艺、芒果、优酷、乐视、B站、土豆、搜狐、1905等 VIP视频免费看(2021.03.24)更新","uuid":"215bdac9-3bdc-40f0-b816-c8ee510ae589","modified":1685859677179,"file_url":"https://greasyfork.org/scripts/394492-timerd-%E7%BD%91%E7%BB%9C%E7%94%B5%E8%A7%86-%E8%85%BE%E8%AE%AF-%E7%88%B1%E5%A5%87%E8%89%BA-%E8%8A%92%E6%9E%9C-%E4%BC%98%E9%85%B7-%E4%B9%90%E8%A7%86-b%E7%AB%99-%E5%9C%9F%E8%B1%86-%E6%90%9C%E7%8B%90-1905%E7%AD%89-vip%E8%A7%86%E9%A2%91%E5%85%8D%E8%B4%B9%E7%9C%8B-2021-03-24-%E6%9B%B4%E6%96%B0/code/%5Btimerd%5D%5B%E7%BD%91%E7%BB%9C%E7%94%B5%E8%A7%86%5D%20%E8%85%BE%E8%AE%AF%E3%80%81%E7%88%B1%E5%A5%87%E8%89%BA%E3%80%81%E8%8A%92%E6%9E%9C%E3%80%81%E4%BC%98%E9%85%B7%E3%80%81%E4%B9%90%E8%A7%86%E3%80%81B%E7%AB%99%E3%80%81%E5%9C%9F%E8%B1%86%E3%80%81%E6%90%9C%E7%8B%90%E3%80%811905%E7%AD%89%20VIP%E8%A7%86%E9%A2%91%E5%85%8D%E8%B4%B9%E7%9C%8B(20210324)%E6%9B%B4%E6%96%B0.user.js"}}