{"options":{"check_for_updates":true,"comment":null,"compat_foreach":false,"compat_metadata":false,"compat_powerful_this":null,"compat_wrappedjsobject":false,"compatopts_for_requires":true,"noframes":null,"override":{"merge_connects":true,"merge_excludes":true,"merge_includes":true,"merge_matches":true,"orig_connects":[],"orig_excludes":[],"orig_includes":["http*://*baidu.com/s*","http*://*baidu.com/baidu*","*://www.google.com/search?*","*://www.google.com.*/search?*"],"orig_matches":[],"orig_noframes":null,"orig_run_at":"document-start","use_blockers":[],"use_connects":[],"use_excludes":[],"use_includes":[],"use_matches":[]},"run_at":null,"sandbox":null,"tab_types":null,"unwrap":null},"settings":{"enabled":true,"position":53},"meta":{"name":"Baidu++：为百度搜索结果页添加磁力、种子、网盘、软件、头条、哔哩哔哩、知乎、CSDN、Google搜索按钮，为Google添加百度搜索按钮","uuid":"a39482f0-a540-45a9-8624-679f3b87783e","modified":1685856621004,"file_url":"https://greasyfork.org/scripts/396960-baidu-%E4%B8%BA%E7%99%BE%E5%BA%A6%E6%90%9C%E7%B4%A2%E7%BB%93%E6%9E%9C%E9%A1%B5%E6%B7%BB%E5%8A%A0%E7%A3%81%E5%8A%9B-%E7%A7%8D%E5%AD%90-%E7%BD%91%E7%9B%98-%E8%BD%AF%E4%BB%B6-%E5%A4%B4%E6%9D%A1-%E5%93%94%E5%93%A9%E5%93%94%E5%93%A9-%E7%9F%A5%E4%B9%8E-csdn-google%E6%90%9C%E7%B4%A2%E6%8C%89%E9%92%AE-%E4%B8%BAgoogle%E6%B7%BB%E5%8A%A0%E7%99%BE%E5%BA%A6%E6%90%9C%E7%B4%A2%E6%8C%89%E9%92%AE/code/Baidu++%EF%BC%9A%E4%B8%BA%E7%99%BE%E5%BA%A6%E6%90%9C%E7%B4%A2%E7%BB%93%E6%9E%9C%E9%A1%B5%E6%B7%BB%E5%8A%A0%E7%A3%81%E5%8A%9B%E3%80%81%E7%A7%8D%E5%AD%90%E3%80%81%E7%BD%91%E7%9B%98%E3%80%81%E8%BD%AF%E4%BB%B6%E3%80%81%E5%A4%B4%E6%9D%A1%E3%80%81%E5%93%94%E5%93%A9%E5%93%94%E5%93%A9%E3%80%81%E7%9F%A5%E4%B9%8E%E3%80%81CSDN%E3%80%81Google%E6%90%9C%E7%B4%A2%E6%8C%89%E9%92%AE%EF%BC%8C%E4%B8%BAGoogle%E6%B7%BB%E5%8A%A0%E7%99%BE%E5%BA%A6%E6%90%9C%E7%B4%A2%E6%8C%89%E9%92%AE.user.js"}}