{"options":{"check_for_updates":true,"comment":null,"compat_foreach":false,"compat_metadata":false,"compat_powerful_this":null,"compat_wrappedjsobject":false,"compatopts_for_requires":true,"noframes":null,"override":{"merge_connects":true,"merge_excludes":true,"merge_includes":true,"merge_matches":true,"orig_connects":[],"orig_excludes":[],"orig_includes":["http*://www.bilibili.com/video/*","http*://www.bilibili.com/bangumi/play/ss*","http*://www.bilibili.com/bangumi/play/ep*","http*://www.bilibili.com/list/watchlater*","https://www.bilibili.com/medialist/play/watchlater/*","http*://www.bilibili.com/medialist/play/ml*","http*://www.bilibili.com/blackboard/html5player.html*"],"orig_matches":[],"orig_noframes":null,"orig_run_at":"document-idle","use_blockers":[],"use_connects":[],"use_excludes":[],"use_includes":[],"use_matches":[]},"run_at":null,"sandbox":null,"tab_types":null,"unwrap":null},"settings":{"enabled":true,"position":54},"meta":{"name":"Bilibili CC字幕工具","uuid":"b916ed47-4458-4ef4-ac69-ce88da73153c","modified":1699922586672,"file_url":"https://greasyfork.org/scripts/378513-bilibili-cc%E5%AD%97%E5%B9%95%E5%B7%A5%E5%85%B7/code/Bilibili%20CC%E5%AD%97%E5%B9%95%E5%B7%A5%E5%85%B7.user.js"}}