{"options":{"check_for_updates":true,"comment":null,"compat_foreach":false,"compat_metadata":false,"compat_powerful_this":null,"compat_wrappedjsobject":false,"compatopts_for_requires":true,"noframes":null,"override":{"merge_connects":true,"merge_excludes":true,"merge_includes":true,"merge_matches":true,"orig_connects":[],"orig_excludes":[],"orig_includes":[],"orig_matches":["https://cc.163.com/1*/","https://cc.163.com/2*/","https://cc.163.com/3*/","https://cc.163.com/4*/","https://cc.163.com/5*/","https://cc.163.com/6*/","https://cc.163.com/7*/","https://cc.163.com/8*/","https://cc.163.com/9*/","*://cc.163.com/live/channel/*"],"orig_noframes":true,"orig_run_at":"document-idle","use_blockers":[],"use_connects":[],"use_excludes":[],"use_includes":[],"use_matches":[]},"run_at":null,"sandbox":null,"tab_types":null,"unwrap":null},"settings":{"enabled":true,"position":20},"meta":{"name":"CC163FullScreen","uuid":"8c014249-85b8-46f4-8511-8696d932f180","modified":1666404873924,"file_url":"https://greasyfork.org/scripts/438366-cc163fullscreen/code/CC163FullScreen.user.js"}}