{"options":{"check_for_updates":true,"comment":null,"compat_foreach":false,"compat_metadata":false,"compat_powerful_this":null,"compat_wrappedjsobject":false,"compatopts_for_requires":true,"noframes":null,"override":{"merge_connects":true,"merge_excludes":true,"merge_includes":true,"merge_matches":true,"orig_connects":[],"orig_excludes":["http://www.youtube.com/embed/*","https://www.youtube.com/embed/*"],"orig_includes":["http://www.youtube.com/*","https://www.youtube.com/*"],"orig_matches":["http://www.youtube.com/*","https://www.youtube.com/*","http://s.ytimg.com/yts/jsbin/html5player*","https://s.ytimg.com/yts/jsbin/html5player*","http://manifest.googlevideo.com/*","https://manifest.googlevideo.com/*","http://*.googlevideo.com/videoplayback*","https://*.googlevideo.com/videoplayback*","http://*.youtube.com/videoplayback*","https://*.youtube.com/videoplayback*"],"orig_noframes":null,"orig_run_at":"document-idle","use_blockers":[],"use_connects":[],"use_excludes":[],"use_includes":[],"use_matches":[]},"run_at":null,"sandbox":null,"tab_types":null,"unwrap":null},"settings":{"enabled":true,"position":4},"meta":{"name":"Download Youtube videos and subtitles","uuid":"e61340a6-7f81-46e1-92b2-8e4e87818b2d","modified":1680836107118,"file_url":"https://greasyfork.org/scripts/8426-download-youtube-videos-and-subtitles/code/Download%20Youtube%20videos%20and%20subtitles.user.js"}}