{"options":{"check_for_updates":true,"comment":null,"compat_foreach":false,"compat_metadata":false,"compat_powerful_this":null,"compat_wrappedjsobject":false,"compatopts_for_requires":true,"noframes":null,"override":{"merge_connects":true,"merge_excludes":true,"merge_includes":true,"merge_matches":true,"orig_connects":[],"orig_excludes":["http://www.toodledo.com/tasks/*","*://*.google.*/*","*://mega.*/*","*://*.mega.*/*","*://*.youku.com/v_*","*://*pan.baidu.com","*://*.iqiyi.com/v_*","*://*.iqiyi.com/w_*","*://*.iqiyi.com/a_*","*://*.le.com/ptv/vplay/*","*://v.qq.com/x/cover/*","*://v.qq.com/x/page/*","*://v.qq.com/tv/*","*://*.tudou.com/listplay/*","*://*.tudou.com/albumplay/*","*://*.tudou.com/programs/view/*","*://*.mgtv.com/b/*","*://film.sohu.com/album/*","*://tv.sohu.com/v/*","*://*.bilibili.com/video/*","*://*.bilibili.com/bangumi/play/*","*://*.baofeng.com/play/*","*://vip.pptv.com/show/*","*://v.pptv.com/show/*","*://www.le.com/ptv/vplay/*","*://www.wasu.cn/Play/show/*","*://m.v.qq.com/x/cover/*","*://m.v.qq.com/x/page/*","*://m.v.qq.com/*","*://m.iqiyi.com/*","*://m.iqiyi.com/kszt/*","*://m.youku.com/alipay_video/*","*://m.mgtv.com/b/*","*://m.tv.sohu.com/v/*","*://m.film.sohu.com/album/*","*://m.le.com/ptv/vplay/*","*://m.pptv.com/show/*","*://m.acfun.cn/v/*","*://m.bilibili.com/video/*","*://m.bilibili.com/anime/*","*://m.bilibili.com/bangumi/play/*","*://m.wasu.cn/Play/show/*","*://www.youtube.com","*://www.youtube.com/","*://www.youtube.com/watch*"],"orig_includes":[],"orig_matches":["*://*/*"],"orig_noframes":null,"orig_run_at":"document-end","use_blockers":[],"use_connects":[],"use_excludes":[],"use_includes":[],"use_matches":[]},"run_at":null,"sandbox":null,"tab_types":null,"unwrap":null},"settings":{"enabled":false,"position":22},"meta":{"name":"Easy Offline","uuid":"14f1e549-67f5-49ca-a363-43019701720d","modified":1666404873618,"file_url":"https://greasyfork.org/scripts/22590-easy-offline/code/%E4%B8%80%E9%94%AE%E7%A6%BB%E7%BA%BF%E4%B8%8B%E8%BD%BD.user.js"}}