{"options":{"check_for_updates":true,"comment":null,"compat_foreach":false,"compat_metadata":false,"compat_powerful_this":null,"compat_wrappedjsobject":false,"compatopts_for_requires":true,"noframes":null,"override":{"merge_connects":true,"merge_excludes":true,"merge_includes":true,"merge_matches":true,"orig_connects":[],"orig_excludes":[],"orig_includes":[],"orig_matches":["https://github.com/*","https://gist.github.com/*"],"orig_noframes":null,"orig_run_at":"document-idle","use_blockers":[],"use_connects":["githubs.cn"],"use_excludes":[],"use_includes":[],"use_matches":[]},"run_at":null,"sandbox":null,"tab_types":null,"unwrap":null},"settings":{"enabled":false,"position":30},"meta":{"name":"GitHub Internationalization","uuid":"0327d1b3-9292-42dd-be87-a98f67158641","modified":1696256211247,"file_url":"https://greasyfork.org/scripts/407485-github-internationalization/code/GitHub%20Internationalization.user.js"}}