{"options":{"check_for_updates":true,"comment":null,"compat_foreach":false,"compat_metadata":false,"compat_powerful_this":null,"compat_wrappedjsobject":false,"compatopts_for_requires":true,"noframes":null,"override":{"merge_connects":true,"merge_excludes":true,"merge_includes":true,"merge_matches":true,"orig_connects":["github.com","githubusercontent.com"],"orig_excludes":[],"orig_includes":["https://github.com/*"],"orig_matches":[],"orig_noframes":null,"orig_run_at":"document-idle","use_blockers":[],"use_connects":[],"use_excludes":[],"use_includes":[],"use_matches":[]},"run_at":null,"sandbox":null,"tab_types":null,"unwrap":null},"settings":{"enabled":true,"position":37},"meta":{"name":"GitHub Image Preview","uuid":"918478db-9c69-4b31-b73c-7ad90cce30e4","modified":1666839599934,"file_url":"https://greasyfork.org/scripts/19773-github-image-preview/code/GitHub%20Image%20Preview.user.js"}}