{"options":{"check_for_updates":true,"comment":null,"compat_foreach":false,"compat_metadata":false,"compat_powerful_this":null,"compat_wrappedjsobject":false,"compatopts_for_requires":true,"noframes":null,"override":{"merge_connects":true,"merge_excludes":true,"merge_includes":true,"merge_matches":true,"orig_connects":[],"orig_excludes":["https://user.qzone.qq.com/*"],"orig_includes":["*/play*","*play/*"],"orig_matches":["https://*.qq.com/*","https://www.weiyun.com/video_*","https://v.youku.com/v_play/*","https://v.youku.com/v_show/id_*","https://vku.youku.com/live/*","https://video.tudou.com/v/*","https://www.iqiyi.com/*","https://live.bilibili.com/*","https://www.bilibili.com/*","https://www.ixigua.com/*","https://www.toutiao.com/video/*","https://www.acfun.cn/*","https://live.acfun.cn/live/*","http://v.pptv.com/show/*","https://v.pptv.com/show/*","https://www.miguvideo.com/*","https://tv.sohu.com/*","https://film.sohu.com/album/*","https://www.mgtv.com/*","https://pan.baidu.com/*","https://yun.baidu.com/*","https://*.163.com/*","https://*.icourse163.org/*","http://video.sina.*/*","https://video.sina.*/*","http://k.sina.*/*","https://k.sina.*/*","https://weibo.com/*","https://*.weibo.com/*","https://pan.baidu.com/*","https://yun.baidu.com/*","http://v.ifeng.com/*","https://v.ifeng.com/*","http://news.mtime.com/*","http://video.mtime.com/*","https://www.youtube.com/watch*","https://www.ted.com/talks/*","https://www.twitch.tv/*","https://www.yy.com/*","https://www.huya.com/*","https://v.douyu.com/*","https://www.douyu.com/*","https://live.douyin.com/*","https://www.douyin.com/*","https://www.longzhu.com/*","https://www.zhanqi.tv/*"],"orig_noframes":null,"orig_run_at":"document-start","use_blockers":[],"use_connects":[],"use_excludes":[],"use_includes":[],"use_matches":[]},"run_at":null,"sandbox":null,"tab_types":null,"unwrap":null},"settings":{"enabled":false,"position":32},"meta":{"name":"HTML5视频播放工具","uuid":"6162ec7b-0a5d-4da4-ae35-7e868feac3b6","modified":1688702626261,"file_url":"https://greasyfork.org/scripts/30545-html5%E8%A7%86%E9%A2%91%E6%92%AD%E6%94%BE%E5%B7%A5%E5%85%B7/code/HTML5%E8%A7%86%E9%A2%91%E6%92%AD%E6%94%BE%E5%B7%A5%E5%85%B7.user.js"}}