{"options":{"check_for_updates":true,"comment":null,"compat_foreach":false,"compat_metadata":false,"compat_powerful_this":null,"compat_wrappedjsobject":false,"compatopts_for_requires":true,"noframes":null,"override":{"merge_connects":true,"merge_excludes":true,"merge_includes":true,"merge_matches":true,"orig_connects":["vdn.apps.cntv.cn","hls.cntv.myhwcdn.cn","newcntv.qcloudcdn.com"],"orig_excludes":[],"orig_includes":["/^https?://tv.cctv.com/\\d*/\\d*/\\d*/VIDE.*.shtml*/"],"orig_matches":[],"orig_noframes":null,"orig_run_at":"document-idle","use_blockers":[],"use_connects":[],"use_excludes":[],"use_includes":[],"use_matches":[]},"run_at":null,"sandbox":null,"tab_types":null,"unwrap":null},"settings":{"enabled":true,"position":71},"meta":{"name":"HTML5 on CCTV","uuid":"c3623576-4c61-41c5-a95b-76663af60ed1","modified":1688091373142,"file_url":"https://greasyfork.org/scripts/397901-html5-on-cctv/code/HTML5%20on%20CCTV.user.js"}}