{"options":{"check_for_updates":true,"comment":null,"compat_foreach":false,"compat_metadata":false,"compat_powerful_this":null,"compat_wrappedjsobject":false,"compatopts_for_requires":true,"noframes":null,"override":{"merge_connects":true,"merge_excludes":true,"merge_includes":true,"merge_matches":true,"orig_connects":["googlevideo.com"],"orig_excludes":[],"orig_includes":[],"orig_matches":["https://*.youtube.com/*"],"orig_noframes":null,"orig_run_at":"document-end","use_blockers":[],"use_connects":[],"use_excludes":[],"use_includes":[],"use_matches":[]},"run_at":null,"sandbox":null,"tab_types":null,"unwrap":null},"settings":{"enabled":false,"position":67},"meta":{"name":"Local YouTube Downloader","uuid":"5dbc51d6-7d77-47f8-8dbd-62490794e599","modified":1698580305944,"file_url":"https://greasyfork.org/scripts/369400-local-youtube-downloader/code/Local%20YouTube%20Downloader.user.js"}}