{"ts":1704175893267,"data":{"customLang":"sauto","inited":"btrue","minSize":"o[{\"k\": \"mp.weixin.qq.com\",\"v\": {\"h\": \"160\",\"w\": \"160\"}},{\"k\": \"docs.qq.com\",\"v\": {\"h\": \"24\",\"w\": \"24\"}},{\"k\": \"pay.weixin.qq.com\",\"v\": {\"h\": \"160\",\"w\": \"160\"}}]","pv-prefs":"s{\"floatBar.position\":\"top left\",\"floatBar.stayOut\":false,\"floatBar.stayOutOffsetX\":0,\"floatBar.stayOutOffsetY\":0,\"floatBar.showDelay\":100,\"floatBar.hideDelay\":566,\"floatBar.forceShow.size.w\":100,\"floatBar.forceShow.size.h\":100,\"floatBar.minSizeLimit.w\":50,\"floatBar.minSizeLimit.h\":50,\"floatBar.sizeLimitOr\":false,\"floatBar.showWithRules\":true,\"floatBar.butonOrder\":\"actual, current, gallery, magnifier, download\",\"floatBar.additionalFeature\":\"open\",\"floatBar.invertAdditionalFeature\":false,\"floatBar.listenBg\":true,\"floatBar.globalkeys.ctrl\":true,\"floatBar.globalkeys.alt\":false,\"floatBar.globalkeys.shift\":false,\"floatBar.globalkeys.command\":false,\"floatBar.globalkeys.type\":\"hold\",\"floatBar.globalkeys.closeAfterPreview\":true,\"floatBar.globalkeys.invertInitShow\":false,\"floatBar.globalkeys.previewFollowMouse\":true,\"floatBar.keys.enable\":true,\"floatBar.keys.actual\":\"a\",\"floatBar.keys.current\":\"c\",\"floatBar.keys.magnifier\":\"m\",\"floatBar.keys.gallery\":\"g\",\"floatBar.keys.download\":\"d\",\"magnifier.radius\":77,\"magnifier.wheelZoom.enabled\":true,\"magnifier.wheelZoom.range\":\"0.1, 0.2, 0.3, 0.4, 0.5, 0.6, 0.7, 0.8, 0.9, 1, 1.1, 1.2, 1.3, 1.4, 1.5, 1.7, 1.9, 2, 2.5, 3, 4, 5, 6, 7, 8, 9\",\"gallery.defaultSizeLimit.w\":160,\"gallery.defaultSizeLimit.h\":160,\"gallery.fitToScreen\":true,\"gallery.fitToScreenSmall\":false,\"gallery.scrollEndToChange\":true,\"gallery.exportType\":\"grid\",\"gallery.loadMore\":false,\"gallery.loadAll\":true,\"gallery.viewmoreEndless\":true,\"gallery.downloadWithZip\":true,\"gallery.downloadGap\":0,\"gallery.scaleSmallSize\":250,\"gallery.showSmallSize\":true,\"gallery.transition\":false,\"gallery.disableArrow\":false,\"gallery.sidebarPosition\":\"bottom\",\"gallery.sidebarSize\":120,\"gallery.max\":5,\"gallery.autoZoom\":true,\"gallery.descriptionLength\":32,\"gallery.viewmoreLayout\":\"0\",\"gallery.autoOpenViewmore\":false,\"gallery.autoOpenSites\":\"\",\"gallery.searchData\":\"Google | https://www.google.com/searchbyimage?safe=off&sbisrc=1&image_url=#t#\\nYandex | https://yandex.com/images/search?source=collections&rpt=imageview&url=#t#\\nSauceNAO | https://saucenao.com/search.php?db=999&url=#t#\\nIQDB | https://iqdb.org/?url=#t#\\n3D IQDB | https://3d.iqdb.org/?url=#t#\\nBaidu | https://graph.baidu.com/details?isfromtusoupc=1&tn=pc&carousel=0&promotion_name=pc_image_shituindex&extUiData%5bisLogoShow%5d=1&image=#t#\\nBing | https://www.bing.com/images/search?view=detailv2&iss=sbi&form=SBIVSP&sbisrc=UrlPaste&q=imgurl:#t#\\nTinEye | https://www.tineye.com/search?url=#t#\\nSogou | https://pic.sogou.com/ris?query=#t#\\n360 | http://st.so.com/stu?imgurl=#t#\\nWhatAnime | https://trace.moe/?url=#t#\\nAscii2D | https://ascii2d.net/search/url/#t#\\nTrace Moe | https://trace.moe/?url=#t#\\nKarmaDecay | http://karmadecay.com/#t#\\nQRCode decode | https://zxing.org/w/decode?full=true&u=#t#\\nQRCode | https://hoothin.com/qrcode/##t#\\nImgOps | https://imgops.com/#b#\",\"gallery.editSite\":\"Lunapic\",\"imgWindow.fitToScreen\":true,\"imgWindow.fitToScreenSmall\":false,\"imgWindow.suitLongImg\":true,\"imgWindow.switchStoreLoc\":false,\"imgWindow.defaultTool\":\"hand\",\"imgWindow.close.escKey\":true,\"imgWindow.close.dblClickImgWindow\":true,\"imgWindow.close.clickOutside\":\"\",\"imgWindow.backgroundColor\":\"rgba(40,40,40,0.8)\",\"imgWindow.overlayer.shown\":false,\"imgWindow.overlayer.color\":\"rgba(200,200,200,0.3)\",\"imgWindow.shiftRotateStep\":15,\"imgWindow.zoom.mouseWheelZoom\":true,\"imgWindow.zoom.range\":\"0.1, 0.2, 0.3, 0.4, 0.5, 0.6, 0.7, 0.8, 0.9, 1, 1.1, 1.2, 1.3, 1.4, 1.5, 1.7, 1.9, 2, 2.5, 3, 4, 5, 6, 7, 8, 9\",\"imgWindow.fixed\":false,\"imgWindow.zIndex\":2147483646,\"waitImgLoad\":false,\"customLang\":\"auto\",\"saveName\":\"0\",\"debug\":false,\"customRules\":\"[\\n/*\\n  {\\n    name: \\\"Example, can be deleted safely\\\",\\n    url: /^https?:\\\\/\\\\/www\\\\.google\\\\.com\\\\/search\\\\?/,\\n    getImage: function(a) {},\\n    src: /avatar/i,\\n    r: /\\\\?.*$/i,\\n    s: ''\\n  }\\n*/\\n]\"}"}}