{"action_menu_columns":"1","action_menu_scripts_hide_disabled":true,"action_menu_scripts_sort":"auto","appearance_badge_color":"#ee3131","appearance_badges":"running","autoReload":true,"configMode":100,"editor_autoLint":true,"editor_autoLintMaxLen":"300000","editor_autoSave":false,"editor_easySave":true,"editor_electricChars":true,"editor_enabled":true,"editor_fontSize":"100","editor_highlightTrailingWhitespace":true,"editor_indentUnit":"4","editor_indentWithTabs":"spaces","editor_keyMap":"windows","editor_lineWrapping":true,"editor_linter_config":null,"editor_tabMode":"indent","editor_theme":"default","editor_trimTrailingSpacesFromModifiedLines":true,"enabled":true,"external_update_interval":1,"favicon_service":"duckduckgo","i18n":"zh_CN","layout":"default#dark","layout_user_css":"","notification_showUpdate":"changelog","reset_sync":null,"run_sync":null,"scriptUpdateCheckDisabled":true,"scriptUpdateHideNotificationAfter":30000,"script_blacklist_server":[{"rules":["/https?:\\/\\/userscripts\\.org\\/scripts\\/(source|version)/(102614).*\\.user\\.js/"],"severity":2},{"name":"SaveFrom.net helper","reason":"Shows advertisements","rules":["/https?:\\/\\/sf-addon\\.com\\/.*\\/.*\\.user\\.js/","/https?:\\/\\/.*\\.sf-helper\\.com\\/.*\\.user\\.js/"],"severity":3},{"reasons":{"en":"Used for a phishing compain to compromise users of baon-nutrition.com"},"rules":["/https?:\\/\\/files\\.ulysse\\.travel\\/.*\\.user\\.js/"],"severity":8}],"sync_enabled":true,"sync_status":"2023/10/10 13:23:45: 同步已完成\n73 个变化已导出\n2023/10/10 13:23:42: Export script meta data of \"chatGPT tools Plus（修改版）\" (fe7062bb-7e47-4ead-ad3a-92eaae75eb0c)\n2023/10/10 13:23:39: Export script source of \"chatGPT tools Plus（修改版）\" (fe7062bb-7e47-4ead-ad3a-92eaae75eb0c)\n2023/10/10 13:23:39: Export script \"chatGPT tools Plus（修改版）\" (fe7062bb-7e47-4ead-ad3a-92eaae75eb0c)\n2023/10/10 13:23:36: Export script meta data of \"懒人专用，全网VIP视频免费破解去广告、全网音乐直接下载、知乎增强、短视频无水印下载、百度网盘直接下载等多功能工具箱，功能可独立开关。长期更新，放心使用。v6\" (f72a5796-7a8e-441e-8831-7f7275c4c0e4)\n2023/10/10 13:23:32: Export script source of \"懒人专用，全网VIP视频免费破解去广告、全网音乐直接下载、知乎增强、短视频无水印下载、百度网盘直接下载等多功能工具箱，功能可独立开关。长期更新，放心使用。v6\" (f72a5796-7a8e-441e-8831-7f7275c4c0e4)\n2023/10/10 13:23:32: Export script \"懒人专用，全网VIP视频免费破解去广告、全网音乐直接下载、知乎增强、短视频无水印下载、百度网盘直接下载等多功能工具箱，功能可独立开关。长期更新，放心使用。v6\" (f72a5796-7a8e-441e-8831-7f7275c4c0e4)\n2023/10/10 13:23:29: Export script meta data of \"网易云音乐直接下载\" (f6fc1cd4-3b42-47a5-acb5-b4b2a3f537f6)\n2023/10/10 13:23:26: Export script source of \"网易云音乐直接下载\" (f6fc1cd4-3b42-47a5-acb5-b4b2a3f537f6)\n2023/10/10 13:23:26: Export script \"网易云音乐直接下载\" (f6fc1cd4-3b42-47a5-acb5-b4b2a3f537f6)\n2023/10/10 13:23:23: Export script meta data of \"猫抓 - 深度搜索\" (f39f8df5-a8ab-438b-adbb-43259518b6e7)\n2023/10/10 13:23:20: Export script source of \"猫抓 - 深度搜索\" (f39f8df5-a8ab-438b-adbb-43259518b6e7)\n2023/10/10 13:23:20: Export script \"猫抓 - 深度搜索\" (f39f8df5-a8ab-438b-adbb-43259518b6e7)\n2023/10/10 13:23:17: Export script meta data of \"万能工具箱\" (efc8c1bf-4f3a-465b-97e7-81493d33f263)\n2023/10/10 13:23:14: Export script source of \"万能工具箱\" (efc8c1bf-4f3a-465b-97e7-81493d33f263)\n2023/10/10 13:23:14: Export script \"万能工具箱\" (efc8c1bf-4f3a-465b-97e7-81493d33f263)\n2023/10/10 13:23:11: Export script meta data of \"VIP Video Cracker（VIP视频解析）\" (e6f3b479-6652-41bb-9593-77e9bfb35927)\n2023/10/10 13:23:08: Export script source of \"VIP Video Cracker（VIP视频解析）\" (e6f3b479-6652-41bb-9593-77e9bfb35927)\n2023/10/10 13:23:08: Export script \"VIP Video Cracker（VIP视频解析）\" (e6f3b479-6652-41bb-9593-77e9bfb35927)\n2023/10/10 13:23:05: Export script meta data of \"Download Youtube videos and subtitles\" (e61340a6-7f81-46e1-92b2-8e4e87818b2d)\n2023/10/10 13:23:02: Export script source of \"Download Youtube videos and subtitles\" (e61340a6-7f81-46e1-92b2-8e4e87818b2d)\n2023/10/10 13:23:02: Export script \"Download Youtube videos and subtitles\" (e61340a6-7f81-46e1-92b2-8e4e87818b2d)\n2023/10/10 13:22:59: Export script meta data of \"链接地址洗白白\" (e4bb08fe-10f5-4bac-80f5-df5496352706)\n2023/10/10 13:22:56: Export script source of \"链接地址洗白白\" (e4bb08fe-10f5-4bac-80f5-df5496352706)\n2023/10/10 13:22:56: Export script \"链接地址洗白白\" (e4bb08fe-10f5-4bac-80f5-df5496352706)\n2023/10/10 13:22:53: Export script meta data of \"Tweet Pure Links\" (e324b831-d6ca-4e6f-9ee4-eb02918e5b66)\n2023/10/10 13:22:50: Export script source of \"Tweet Pure Links\" (e324b831-d6ca-4e6f-9ee4-eb02918e5b66)\n2023/10/10 13:22:50: Export script \"Tweet Pure Links\" (e324b831-d6ca-4e6f-9ee4-eb02918e5b66)\n2023/10/10 13:22:47: Export script meta data of \"音视频通用下载器\" (dd33ce5a-ccec-4796-9923-8ce0166f3759)\n2023/10/10 13:22:44: Export script source of \"音视频通用下载器\" (dd33ce5a-ccec-4796-9923-8ce0166f3759)\n2023/10/10 13:22:44: Export script \"音视频通用下载器\" (dd33ce5a-ccec-4796-9923-8ce0166f3759)\n2023/10/10 13:22:41: Export script meta data of \"Twitter: Download Video\" (dd0a8e1e-9359-455d-8c37-6cfd7c120aa6)\n2023/10/10 13:22:38: Export script source of \"Twitter: Download Video\" (dd0a8e1e-9359-455d-8c37-6cfd7c120aa6)\n2023/10/10 13:22:38: Export script \"Twitter: Download Video\" (dd0a8e1e-9359-455d-8c37-6cfd7c120aa6)\n2023/10/10 13:22:35: Export script meta data of \"全网VIP视频免费破解去广告-全网在线影片解析助手- | 萝莉欧欧\" (daa9864b-e14d-43d5-b399-b9c53f516249)\n2023/10/10 13:22:32: Export script source of \"全网VIP视频免费破解去广告-全网在线影片解析助手- | 萝莉欧欧\" (daa9864b-e14d-43d5-b399-b9c53f516249)\n2023/10/10 13:22:32: Export script \"全网VIP视频免费破解去广告-全网在线影片解析助手- | 萝莉欧欧\" (daa9864b-e14d-43d5-b399-b9c53f516249)\n2023/10/10 13:22:29: Export script meta data of \"微信公众号数据采集\" (d47caa6b-f40c-4728-8280-e169283d1a55)\n2023/10/10 13:22:26: Export script source of \"微信公众号数据采集\" (d47caa6b-f40c-4728-8280-e169283d1a55)\n2023/10/10 13:22:26: Export script \"微信公众号数据采集\" (d47caa6b-f40c-4728-8280-e169283d1a55)\n2023/10/10 13:22:24: Export script meta data of \"HTML5 on CCTV\" (c3623576-4c61-41c5-a95b-76663af60ed1)\n2023/10/10 13:22:21: Export script source of \"HTML5 on CCTV\" (c3623576-4c61-41c5-a95b-76663af60ed1)\n2023/10/10 13:22:21: Export script \"HTML5 on CCTV\" (c3623576-4c61-41c5-a95b-76663af60ed1)\n2023/10/10 13:22:18: Export script meta data of \"Local YouTube Downloader\" (c172a325-3651-43d9-8d3c-88fb78b20224)\n2023/10/10 13:22:15: Export script source of \"Local YouTube Downloader\" (c172a325-3651-43d9-8d3c-88fb78b20224)\n2023/10/10 13:22:15: Export script \"Local YouTube Downloader\" (c172a325-3651-43d9-8d3c-88fb78b20224)\n2023/10/10 13:22:12: Export script meta data of \"吾爱破解之识别百度网盘链接并自动填写密码\" (c04a6f7e-981e-49cc-a1b5-aef78a8ee1fc)\n2023/10/10 13:22:09: Export script source of \"吾爱破解之识别百度网盘链接并自动填写密码\" (c04a6f7e-981e-49cc-a1b5-aef78a8ee1fc)\n2023/10/10 13:22:09: Export script \"吾爱破解之识别百度网盘链接并自动填写密码\" (c04a6f7e-981e-49cc-a1b5-aef78a8ee1fc)\n2023/10/10 13:22:06: Export script meta data of \"toutiao better\" (bb4f2687-2604-4fad-96d2-0d77f0ab41e0)\n2023/10/10 13:22:03: Export script source of \"toutiao better\" (bb4f2687-2604-4fad-96d2-0d77f0ab41e0)\n2023/10/10 13:22:03: Export script \"toutiao better\" (bb4f2687-2604-4fad-96d2-0d77f0ab41e0)\n2023/10/10 13:22:00: Export script meta data of \"Bilibili CC字幕工具\" (b916ed47-4458-4ef4-ac69-ce88da73153c)\n2023/10/10 13:21:57: Export script source of \"Bilibili CC字幕工具\" (b916ed47-4458-4ef4-ac69-ce88da73153c)\n2023/10/10 13:21:57: Export script \"Bilibili CC字幕工具\" (b916ed47-4458-4ef4-ac69-ce88da73153c)\n2023/10/10 13:21:54: Export script meta data of \"豆瓣资源下载大师：1秒搞定豆瓣电影|音乐|图书下载\" (af1870c6-c7c6-4d55-9eb6-4d623fdb54b6)\n2023/10/10 13:21:51: Export script source of \"豆瓣资源下载大师：1秒搞定豆瓣电影|音乐|图书下载\" (af1870c6-c7c6-4d55-9eb6-4d623fdb54b6)\n2023/10/10 13:21:51: Export script \"豆瓣资源下载大师：1秒搞定豆瓣电影|音乐|图书下载\" (af1870c6-c7c6-4d55-9eb6-4d623fdb54b6)\n2023/10/10 13:21:48: Export script meta data of \"自动展开全文（永久 beta 版）\" (ada7b277-89a1-48b1-a006-ad4a1be8c122)\n2023/10/10 13:21:45: Export script source of \"自动展开全文（永久 beta 版）\" (ada7b277-89a1-48b1-a006-ad4a1be8c122)\n2023/10/10 13:21:45: Export script \"自动展开全文（永久 beta 版）\" (ada7b277-89a1-48b1-a006-ad4a1be8c122)\n2023/10/10 13:21:42: Export script meta data of \"微信公众号编辑器自动改引号\" (acc31218-7a5d-47d9-a7d6-c874408f4fc5)\n2023/10/10 13:21:39: Export script source of \"微信公众号编辑器自动改引号\" (acc31218-7a5d-47d9-a7d6-c874408f4fc5)\n2023/10/10 13:21:39: Export script \"微信公众号编辑器自动改引号\" (acc31218-7a5d-47d9-a7d6-c874408f4fc5)\n2023/10/10 13:21:36: Export script meta data of \"微信公众号编辑器中英文自动加空格\" (a967135b-dd57-432e-9e9a-15bd28e32db6)\n2023/10/10 13:21:33: Export script source of \"微信公众号编辑器中英文自动加空格\" (a967135b-dd57-432e-9e9a-15bd28e32db6)\n2023/10/10 13:21:33: Export script \"微信公众号编辑器中英文自动加空格\" (a967135b-dd57-432e-9e9a-15bd28e32db6)\n2023/10/10 13:21:31: Export script meta data of \"Baidu++：为百度搜索结果页添加磁力、种子、网盘、软件、头条、哔哩哔哩、知乎、CSDN、Google搜索按钮，为Google添加百度搜索按钮\" (a39482f0-a540-45a9-8624-679f3b87783e)\n2023/10/10 13:21:27: Export script source of \"Baidu++：为百度搜索结果页添加磁力、种子、网盘、软件、头条、哔哩哔哩、知乎、CSDN、Google搜索按钮，为Google添加百度搜索按钮\" (a39482f0-a540-45a9-8624-679f3b87783e)\n2023/10/10 13:21:27: Export script \"Baidu++：为百度搜索结果页添加磁力、种子、网盘、软件、头条、哔哩哔哩、知乎、CSDN、Google搜索按钮，为Google添加百度搜索按钮\" (a39482f0-a540-45a9-8624-679f3b87783e)\n2023/10/10 13:21:24: Export script meta data of \"AC-baidu-重定向优化百度搜狗谷歌必应搜索_favicon_双列\" (94edf2ca-0a18-48e4-ba03-47ef774ca226)\n2023/10/10 13:21:21: Export script source of \"AC-baidu-重定向优化百度搜狗谷歌必应搜索_favicon_双列\" (94edf2ca-0a18-48e4-ba03-47ef774ca226)\n2023/10/10 13:21:21: Export script \"AC-baidu-重定向优化百度搜狗谷歌必应搜索_favicon_双列\" (94edf2ca-0a18-48e4-ba03-47ef774ca226)\n2023/10/10 13:21:18: Export script meta data of \"GitHub Image Preview\" (918478db-9c69-4b31-b73c-7ad90cce30e4)\n2023/10/10 13:21:15: Export script source of \"GitHub Image Preview\" (918478db-9c69-4b31-b73c-7ad90cce30e4)\n2023/10/10 13:21:15: Export script \"GitHub Image Preview\" (918478db-9c69-4b31-b73c-7ad90cce30e4)\n2023/10/10 13:21:13: Export script meta data of \"公众号文章里面视频\" (911b5bf8-6cd0-410c-a411-74b61f83778a)\n2023/10/10 13:21:10: Export script source of \"公众号文章里面视频\" (911b5bf8-6cd0-410c-a411-74b61f83778a)\n2023/10/10 13:21:10: Export script \"公众号文章里面视频\" (911b5bf8-6cd0-410c-a411-74b61f83778a)\n2023/10/10 13:21:07: Export script meta data of \"网页宽屏\" (8d9c2a45-a503-41f7-819e-591688b20a08)\n2023/10/10 13:21:04: Export script source of \"网页宽屏\" (8d9c2a45-a503-41f7-819e-591688b20a08)\n2023/10/10 13:21:04: Export script \"网页宽屏\" (8d9c2a45-a503-41f7-819e-591688b20a08)\n2023/10/10 13:21:01: Export script meta data of \"CC163FullScreen\" (8c014249-85b8-46f4-8511-8696d932f180)\n2023/10/10 13:20:58: Export script source of \"CC163FullScreen\" (8c014249-85b8-46f4-8511-8696d932f180)\n2023/10/10 13:20:58: Export script \"CC163FullScreen\" (8c014249-85b8-46f4-8511-8696d932f180)\n2023/10/10 13:20:55: Export script meta data of \"微信地址精简\" (88b71eb2-4c43-43b6-b265-d643653f4550)\n2023/10/10 13:20:53: Export script source of \"微信地址精简\" (88b71eb2-4c43-43b6-b265-d643653f4550)\n2023/10/10 13:20:53: Export script \"微信地址精简\" (88b71eb2-4c43-43b6-b265-d643653f4550)\n2023/10/10 13:20:50: Export script meta data of \"知乎美化\" (88a5c52c-80c1-4c64-b202-2f78c8313c98)\n2023/10/10 13:20:47: Export script source of \"知乎美化\" (88a5c52c-80c1-4c64-b202-2f78c8313c98)\n2023/10/10 13:20:47: Export script \"知乎美化\" (88a5c52c-80c1-4c64-b202-2f78c8313c98)\n2023/10/10 13:20:44: Export script meta data of \"公众号图文编辑图片一键居中\" (8641e0d9-38f7-4a3a-b63e-3b16695a95c6)\n2023/10/10 13:20:41: Export script source of \"公众号图文编辑图片一键居中\" (8641e0d9-38f7-4a3a-b63e-3b16695a95c6)\n2023/10/10 13:20:41: Export script \"公众号图文编辑图片一键居中\" (8641e0d9-38f7-4a3a-b63e-3b16695a95c6)\n2023/10/10 13:20:38: Export script meta data of \"懒人专用，全网VIP视频免费破解去广告、全网音乐直接下载、知乎增强、短视频无水印下载、百度网盘直接下载等多功能工具箱，功能可独立开关。长期更新，放心使用。v6\" (8522f7ff-d438-436b-96e2-dbf717efe0e6)\n2023/10/10 13:20:35: Export script source of \"懒人专用，全网VIP视频免费破解去广告、全网音乐直接下载、知乎增强、短视频无水印下载、百度网盘直接下载等多功能工具箱，功能可独立开关。长期更新，放心使用。v6\" (8522f7ff-d438-436b-96e2-dbf717efe0e6)\n2023/10/10 13:20:35: Export script \"懒人专用，全网VIP视频免费破解去广告、全网音乐直接下载、知乎增强、短视频无水印下载、百度网盘直接下载等多功能工具箱，功能可独立开关。长期更新，放心使用。v6\" (8522f7ff-d438-436b-96e2-dbf717efe0e6)\n2023/10/10 13:20:32: Export script meta data of \"Youtube 翻译中文字幕下载 v14\" (82cd599e-ac91-4c9c-ae1a-19f781b4302d)\n2023/10/10 13:20:29: Export script source of \"Youtube 翻译中文字幕下载 v14\" (82cd599e-ac91-4c9c-ae1a-19f781b4302d)\n2023/10/10 13:20:29: Export script \"Youtube 翻译中文字幕下载 v14\" (82cd599e-ac91-4c9c-ae1a-19f781b4302d)\n2023/10/10 13:20:26: Export script meta data of \"豆瓣资源下载大师：1秒搞定豆瓣电影|音乐|图书下载\" (8104fd3d-3d5b-4b3d-90d5-ce4e7d356fe9)\n2023/10/10 13:20:23: Export script source of \"豆瓣资源下载大师：1秒搞定豆瓣电影|音乐|图书下载\" (8104fd3d-3d5b-4b3d-90d5-ce4e7d356fe9)\n2023/10/10 13:20:23: Export script \"豆瓣资源下载大师：1秒搞定豆瓣电影|音乐|图书下载\" (8104fd3d-3d5b-4b3d-90d5-ce4e7d356fe9)\n2023/10/10 13:20:20: Export script meta data of \"知乎增强\" (7d8a4140-d98e-46bd-b56d-891f9cd588a4)\n2023/10/10 13:20:17: Export script source of \"知乎增强\" (7d8a4140-d98e-46bd-b56d-891f9cd588a4)\n2023/10/10 13:20:17: Export script \"知乎增强\" (7d8a4140-d98e-46bd-b56d-891f9cd588a4)\n2023/10/10 13:20:14: Export script meta data of \"Picviewer CE+\" (7c876cfe-844d-488d-8f56-6f7b4a80f630)\n2023/10/10 13:20:10: Export script source of \"Picviewer CE+\" (7c876cfe-844d-488d-8f56-6f7b4a80f630)\n2023/10/10 13:20:10: Export script \"Picviewer CE+\" (7c876cfe-844d-488d-8f56-6f7b4a80f630)\n2023/10/10 13:20:08: Export script meta data of \"网页宽屏\" (7bc6baed-ce9c-4ff0-aba4-653daa7a72a0)\n2023/10/10 13:20:04: Export script source of \"网页宽屏\" (7bc6baed-ce9c-4ff0-aba4-653daa7a72a0)\n2023/10/10 13:20:04: Export script \"网页宽屏\" (7bc6baed-ce9c-4ff0-aba4-653daa7a72a0)\n2023/10/10 13:20:02: Export script meta data of \"B站哔哩哔哩使用增强，全网VIP视频免费破解去广告，全网音乐直接下载，知乎使用增强，短视频无水印下载，油管、Facebook等国外视频解析下载等\" (7adf4eba-9251-40e7-96a0-01400775ad0f)\n2023/10/10 13:19:58: Export script source of \"B站哔哩哔哩使用增强，全网VIP视频免费破解去广告，全网音乐直接下载，知乎使用增强，短视频无水印下载，油管、Facebook等国外视频解析下载等\" (7adf4eba-9251-40e7-96a0-01400775ad0f)\n2023/10/10 13:19:58: Export script \"B站哔哩哔哩使用增强，全网VIP视频免费破解去广告，全网音乐直接下载，知乎使用增强，短视频无水印下载，油管、Facebook等国外视频解析下载等\" (7adf4eba-9251-40e7-96a0-01400775ad0f)\n2023/10/10 13:19:56: Export script meta data of \"壹伴排版 Plus\" (77959f88-7e09-4ad8-b31e-816ee7e43119)\n2023/10/10 13:19:53: Export script source of \"壹伴排版 Plus\" (77959f88-7e09-4ad8-b31e-816ee7e43119)\n2023/10/10 13:19:53: Export script \"壹伴排版 Plus\" (77959f88-7e09-4ad8-b31e-816ee7e43119)\n2023/10/10 13:19:51: Export script meta data of \"获取微信公众号历史消息链接\" (71057134-b31f-4d46-9683-0927b81970d9)\n2023/10/10 13:19:48: Export script source of \"获取微信公众号历史消息链接\" (71057134-b31f-4d46-9683-0927b81970d9)\n2023/10/10 13:19:48: Export script \"获取微信公众号历史消息链接\" (71057134-b31f-4d46-9683-0927b81970d9)\n2023/10/10 13:19:45: Export script meta data of \"163 Music Downloader 网易云音乐下载助手\" (70c99635-88a0-4f3c-913a-a5277380fe97)\n2023/10/10 13:19:43: Export script source of \"163 Music Downloader 网易云音乐下载助手\" (70c99635-88a0-4f3c-913a-a5277380fe97)\n2023/10/10 13:19:43: Export script \"163 Music Downloader 网易云音乐下载助手\" (70c99635-88a0-4f3c-913a-a5277380fe97)\n2023/10/10 13:19:40: Export script meta data of \"【玩的嗨】VIP工具箱,夸克网盘直链批量获取,全网VIP视频免费破解去广告,一站式音乐搜索下载,获取B站封面,下载B站视频等众多功能聚合 长期更新,放心使用\" (6cc34542-68ed-4d91-9e11-8a91809a3d9e)\n2023/10/10 13:19:37: Export script source of \"【玩的嗨】VIP工具箱,夸克网盘直链批量获取,全网VIP视频免费破解去广告,一站式音乐搜索下载,获取B站封面,下载B站视频等众多功能聚合 长期更新,放心使用\" (6cc34542-68ed-4d91-9e11-8a91809a3d9e)\n2023/10/10 13:19:37: Export script \"【玩的嗨】VIP工具箱,夸克网盘直链批量获取,全网VIP视频免费破解去广告,一站式音乐搜索下载,获取B站封面,下载B站视频等众多功能聚合 长期更新,放心使用\" (6cc34542-68ed-4d91-9e11-8a91809a3d9e)\n2023/10/10 13:19:34: Export script meta data of \"【玩的嗨】VIP工具箱,夸克网盘直链批量获取,全网VIP视频免费破解去广告,获取B站封面,下载B站视频等众多功能聚合 长期更新,放心使用\" (67446370-e952-41bf-ab91-148ff4b94a13)\n2023/10/10 13:19:31: Export script source of \"【玩的嗨】VIP工具箱,夸克网盘直链批量获取,全网VIP视频免费破解去广告,获取B站封面,下载B站视频等众多功能聚合 长期更新,放心使用\" (67446370-e952-41bf-ab91-148ff4b94a13)\n2023/10/10 13:19:31: Export script \"【玩的嗨】VIP工具箱,夸克网盘直链批量获取,全网VIP视频免费破解去广告,获取B站封面,下载B站视频等众多功能聚合 长期更新,放心使用\" (67446370-e952-41bf-ab91-148ff4b94a13)\n2023/10/10 13:19:28: Export script meta data of \"HTML5视频播放工具\" (6162ec7b-0a5d-4da4-ae35-7e868feac3b6)\n2023/10/10 13:19:25: Export script source of \"HTML5视频播放工具\" (6162ec7b-0a5d-4da4-ae35-7e868feac3b6)\n2023/10/10 13:19:25: Export script \"HTML5视频播放工具\" (6162ec7b-0a5d-4da4-ae35-7e868feac3b6)\n2023/10/10 13:19:22: Export script meta data of \"懒人工具箱(兼容版)\" (6006a8e8-b38b-4f5f-9e21-290175a3a24f)\n2023/10/10 13:19:19: Export script source of \"懒人工具箱(兼容版)\" (6006a8e8-b38b-4f5f-9e21-290175a3a24f)\n2023/10/10 13:19:19: Export script \"懒人工具箱(兼容版)\" (6006a8e8-b38b-4f5f-9e21-290175a3a24f)\n2023/10/10 13:19:16: Export script meta data of \"HTML5 on CCTV\" (5ffeee10-3d6c-4e76-9473-98c1a2d4b555)\n2023/10/10 13:19:14: Export script source of \"HTML5 on CCTV\" (5ffeee10-3d6c-4e76-9473-98c1a2d4b555)\n2023/10/10 13:19:14: Export script \"HTML5 on CCTV\" (5ffeee10-3d6c-4e76-9473-98c1a2d4b555)\n2023/10/10 13:19:11: Export script meta data of \"Local YouTube Downloader\" (5dbc51d6-7d77-47f8-8dbd-62490794e599)\n2023/10/10 13:19:08: Export script source of \"Local YouTube Downloader\" (5dbc51d6-7d77-47f8-8dbd-62490794e599)\n2023/10/10 13:19:08: Export script \"Local YouTube Downloader\" (5dbc51d6-7d77-47f8-8dbd-62490794e599)\n2023/10/10 13:19:05: Export script meta data of \"编程随想的博客评论区修复\" (5c684b0f-3f5d-4517-94fa-a4140dd59ca2)\n2023/10/10 13:19:03: Export script source of \"编程随想的博客评论区修复\" (5c684b0f-3f5d-4517-94fa-a4140dd59ca2)\n2023/10/10 13:19:03: Export script \"编程随想的博客评论区修复\" (5c684b0f-3f5d-4517-94fa-a4140dd59ca2)\n2023/10/10 13:19:00: Export script meta data of \"Picviewer CE+\" (5958a4da-3165-4ad0-bab5-f20ae4a68f86)\n2023/10/10 13:18:57: Export script source of \"Picviewer CE+\" (5958a4da-3165-4ad0-bab5-f20ae4a68f86)\n2023/10/10 13:18:57: Export script \"Picviewer CE+\" (5958a4da-3165-4ad0-bab5-f20ae4a68f86)\n2023/10/10 13:18:54: Export script meta data of \"Github 增强 - 高速下载\" (52895351-ee92-45b6-b4b7-286705a12db0)\n2023/10/10 13:18:50: Export script source of \"Github 增强 - 高速下载\" (52895351-ee92-45b6-b4b7-286705a12db0)\n2023/10/10 13:18:50: Export script \"Github 增强 - 高速下载\" (52895351-ee92-45b6-b4b7-286705a12db0)\n2023/10/10 13:18:48: Export script meta data of \"显示公众号观看更多\" (4e9bca8a-f1c1-4a32-9b4e-e9afad4a9643)\n2023/10/10 13:18:45: Export script source of \"显示公众号观看更多\" (4e9bca8a-f1c1-4a32-9b4e-e9afad4a9643)\n2023/10/10 13:18:45: Export script \"显示公众号观看更多\" (4e9bca8a-f1c1-4a32-9b4e-e9afad4a9643)\n2023/10/10 13:18:42: Export script meta data of \"字体渲染（自用脚本）\" (4aee5b5b-476b-4cdf-a01a-b452ecc74464)\n2023/10/10 13:18:39: Export script source of \"字体渲染（自用脚本）\" (4aee5b5b-476b-4cdf-a01a-b452ecc74464)\n2023/10/10 13:18:39: Export script \"字体渲染（自用脚本）\" (4aee5b5b-476b-4cdf-a01a-b452ecc74464)\n2023/10/10 13:18:37: Export script meta data of \"百度文库破解加强、全网VIP视频破解,去广告,免费在线看、全网音乐直接下载、短视频去水印下载:支持抖音、快手等，知乎使用增强、CSDN使用增强等多功能脚本\" (43ac048d-5aed-40fd-af61-937c69596e98)\n2023/10/10 13:18:34: Export script source of \"百度文库破解加强、全网VIP视频破解,去广告,免费在线看、全网音乐直接下载、短视频去水印下载:支持抖音、快手等，知乎使用增强、CSDN使用增强等多功能脚本\" (43ac048d-5aed-40fd-af61-937c69596e98)\n2023/10/10 13:18:34: Export script \"百度文库破解加强、全网VIP视频破解,去广告,免费在线看、全网音乐直接下载、短视频去水印下载:支持抖音、快手等，知乎使用增强、CSDN使用增强等多功能脚本\" (43ac048d-5aed-40fd-af61-937c69596e98)\n2023/10/10 13:18:31: Export script meta data of \"编程随想的博客评论区修复\" (432447f0-9dd3-4a58-8434-7772342a1fa8)\n2023/10/10 13:18:29: Export script source of \"编程随想的博客评论区修复\" (432447f0-9dd3-4a58-8434-7772342a1fa8)\n2023/10/10 13:18:29: Export script \"编程随想的博客评论区修复\" (432447f0-9dd3-4a58-8434-7772342a1fa8)\n2023/10/10 13:18:26: Export script meta data of \"亚马逊中国Kindle下载所有内容\" (42b9765b-2a8c-4f71-807e-7526eae51339)\n2023/10/10 13:18:23: Export script source of \"亚马逊中国Kindle下载所有内容\" (42b9765b-2a8c-4f71-807e-7526eae51339)\n2023/10/10 13:18:23: Export script \"亚马逊中国Kindle下载所有内容\" (42b9765b-2a8c-4f71-807e-7526eae51339)\n2023/10/10 13:18:21: Export script meta data of \"获取微信公众号文章封面\" (42131836-7e48-4e7e-aea8-ef8b6fdd6307)\n2023/10/10 13:18:18: Export script source of \"获取微信公众号文章封面\" (42131836-7e48-4e7e-aea8-ef8b6fdd6307)\n2023/10/10 13:18:18: Export script \"获取微信公众号文章封面\" (42131836-7e48-4e7e-aea8-ef8b6fdd6307)\n2023/10/10 13:18:15: Export script meta data of \"add Code\" (39e4441f-d427-4f38-9efb-cce508e2ded5)\n2023/10/10 13:18:13: Export script source of \"add Code\" (39e4441f-d427-4f38-9efb-cce508e2ded5)\n2023/10/10 13:18:13: Export script \"add Code\" (39e4441f-d427-4f38-9efb-cce508e2ded5)\n2023/10/10 13:18:10: Export script meta data of \"Picviewer CE+\" (2ea7e6d9-f643-4245-baf6-b6ada4478c96)\n2023/10/10 13:18:06: Export script source of \"Picviewer CE+\" (2ea7e6d9-f643-4245-baf6-b6ada4478c96)\n2023/10/10 13:18:06: Export script \"Picviewer CE+\" (2ea7e6d9-f643-4245-baf6-b6ada4478c96)\n2023/10/10 13:18:03: Export script meta data of \"新传媒下载\" (2de38274-d8c7-4483-afae-171ed1439e34)\n2023/10/10 13:18:01: Export script source of \"新传媒下载\" (2de38274-d8c7-4483-afae-171ed1439e34)\n2023/10/10 13:18:01: Export script \"新传媒下载\" (2de38274-d8c7-4483-afae-171ed1439e34)\n2023/10/10 13:17:58: Export script meta data of \"pikpak助手\" (2d0028b0-221a-4ad6-b997-75ff5646c53d)\n2023/10/10 13:17:56: Export script source of \"pikpak助手\" (2d0028b0-221a-4ad6-b997-75ff5646c53d)\n2023/10/10 13:17:56: Export script \"pikpak助手\" (2d0028b0-221a-4ad6-b997-75ff5646c53d)\n2023/10/10 13:17:53: Export script meta data of \"全网VIP视频免费解析去广告；解锁B站大会员番剧、B站视频解析下载；全网音乐直接下载；油管、Facebook等国外视频解析下载；网盘搜索引擎破解无限下载等\" (241ec27e-9669-4419-8079-cc596824292d)\n2023/10/10 13:17:50: Export script source of \"全网VIP视频免费解析去广告；解锁B站大会员番剧、B站视频解析下载；全网音乐直接下载；油管、Facebook等国外视频解析下载；网盘搜索引擎破解无限下载等\" (241ec27e-9669-4419-8079-cc596824292d)\n2023/10/10 13:17:50: Export script \"全网VIP视频免费解析去广告；解锁B站大会员番剧、B站视频解析下载；全网音乐直接下载；油管、Facebook等国外视频解析下载；网盘搜索引擎破解无限下载等\" (241ec27e-9669-4419-8079-cc596824292d)\n2023/10/10 13:17:47: Export script meta data of \"[timerd][网络电视] 腾讯、爱奇艺、芒果、优酷、乐视、B站、土豆、搜狐、1905等 VIP视频免费看(2021.03.24)更新\" (215bdac9-3bdc-40f0-b816-c8ee510ae589)\n2023/10/10 13:17:44: Export script source of \"[timerd][网络电视] 腾讯、爱奇艺、芒果、优酷、乐视、B站、土豆、搜狐、1905等 VIP视频免费看(2021.03.24)更新\" (215bdac9-3bdc-40f0-b816-c8ee510ae589)\n2023/10/10 13:17:44: Export script \"[timerd][网络电视] 腾讯、爱奇艺、芒果、优酷、乐视、B站、土豆、搜狐、1905等 VIP视频免费看(2021.03.24)更新\" (215bdac9-3bdc-40f0-b816-c8ee510ae589)\n2023/10/10 13:17:42: Export script meta data of \"微信公众号图文模板工具\" (200ec142-3412-4eb6-a968-0c8fac1ae4a4)\n2023/10/10 13:17:39: Export script source of \"微信公众号图文模板工具\" (200ec142-3412-4eb6-a968-0c8fac1ae4a4)\n2023/10/10 13:17:39: Export script \"微信公众号图文模板工具\" (200ec142-3412-4eb6-a968-0c8fac1ae4a4)\n2023/10/10 13:17:36: Export script meta data of \"全网VIP视频免费破解【专注一个脚本只做一件事件】长期更新，放心使用\" (18aed1a0-2180-41b4-8396-92ffa9b0e8ce)\n2023/10/10 13:17:33: Export script source of \"全网VIP视频免费破解【专注一个脚本只做一件事件】长期更新，放心使用\" (18aed1a0-2180-41b4-8396-92ffa9b0e8ce)\n2023/10/10 13:17:33: Export script \"全网VIP视频免费破解【专注一个脚本只做一件事件】长期更新，放心使用\" (18aed1a0-2180-41b4-8396-92ffa9b0e8ce)\n2023/10/10 13:17:31: Export script meta data of \"夜间模式助手\" (187949e1-0f0c-4719-928a-9160bee808ff)\n2023/10/10 13:17:28: Export script source of \"夜间模式助手\" (187949e1-0f0c-4719-928a-9160bee808ff)\n2023/10/10 13:17:28: Export script \"夜间模式助手\" (187949e1-0f0c-4719-928a-9160bee808ff)\n2023/10/10 13:17:25: Export script meta data of \"Chat网页增强\" (1686c2e8-6d2c-4314-bfc9-c86a1bd0a60c)\n2023/10/10 13:17:22: Export script source of \"Chat网页增强\" (1686c2e8-6d2c-4314-bfc9-c86a1bd0a60c)\n2023/10/10 13:17:22: Export script \"Chat网页增强\" (1686c2e8-6d2c-4314-bfc9-c86a1bd0a60c)\n2023/10/10 13:17:19: Export script meta data of \"Easy Offline\" (14f1e549-67f5-49ca-a363-43019701720d)\n2023/10/10 13:17:16: Export script source of \"Easy Offline\" (14f1e549-67f5-49ca-a363-43019701720d)\n2023/10/10 13:17:16: Export script \"Easy Offline\" (14f1e549-67f5-49ca-a363-43019701720d)\n2023/10/10 13:17:13: Export script meta data of \"百度网盘千千下载助手\" (14e985df-90f3-4808-9222-894042768af6)\n2023/10/10 13:16:54: Export script source of \"百度网盘千千下载助手\" (14e985df-90f3-4808-9222-894042768af6)\n2023/10/10 13:16:54: Export script \"百度网盘千千下载助手\" (14e985df-90f3-4808-9222-894042768af6)\n2023/10/10 13:16:51: Export script meta data of \"Github 增强 - 高速下载\" (0e48d763-4a7d-429b-a370-ad44671336f2)\n2023/10/10 13:16:48: Export script source of \"Github 增强 - 高速下载\" (0e48d763-4a7d-429b-a370-ad44671336f2)\n2023/10/10 13:16:48: Export script \"Github 增强 - 高速下载\" (0e48d763-4a7d-429b-a370-ad44671336f2)\n2023/10/10 13:16:45: Export script meta data of \"HTML5视频播放器增强脚本\" (06494ed7-2b56-4491-bf9f-92a184cdbf48)\n2023/10/10 13:16:41: Export script source of \"HTML5视频播放器增强脚本\" (06494ed7-2b56-4491-bf9f-92a184cdbf48)\n2023/10/10 13:16:41: Export script \"HTML5视频播放器增强脚本\" (06494ed7-2b56-4491-bf9f-92a184cdbf48)\n2023/10/10 13:16:37: Export script meta data of \"Userscript+ : Show Site All UserJS\" (04161573-f3c7-4091-b8aa-e8180541bceb)\n2023/10/10 13:16:35: Export script source of \"Userscript+ : Show Site All UserJS\" (04161573-f3c7-4091-b8aa-e8180541bceb)\n2023/10/10 13:16:35: Export script \"Userscript+ : Show Site All UserJS\" (04161573-f3c7-4091-b8aa-e8180541bceb)\n2023/10/10 13:16:32: Export script meta data of \"GitHub Internationalization\" (0327d1b3-9292-42dd-be87-a98f67158641)\n2023/10/10 13:16:29: Export script source of \"GitHub Internationalization\" (0327d1b3-9292-42dd-be87-a98f67158641)\n2023/10/10 13:16:29: Export script \"GitHub Internationalization\" (0327d1b3-9292-42dd-be87-a98f67158641)\n2023/10/10 13:16:27: Export script meta data of \"B站哔哩哔哩使用增强，全网VIP视频免费破解去广告，全网音乐直接下载，知乎使用增强，短视频无水印下载，油管、Facebook等国外视频解析下载等\" (00c153a3-4531-40d7-bd0e-8b90dee7d9d7)\n2023/10/10 13:16:22: Export script source of \"B站哔哩哔哩使用增强，全网VIP视频免费破解去广告，全网音乐直接下载，知乎使用增强，短视频无水印下载，油管、Facebook等国外视频解析下载等\" (00c153a3-4531-40d7-bd0e-8b90dee7d9d7)\n2023/10/10 13:16:22: Export script \"B站哔哩哔哩使用增强，全网VIP视频免费破解去广告，全网音乐直接下载，知乎使用增强，短视频无水印下载，油管、Facebook等国外视频解析下载等\" (00c153a3-4531-40d7-bd0e-8b90dee7d9d7)\n2023/10/10 13:16:21: Lookup remote script list\n","sync_type":"2"}