{"options":{"check_for_updates":true,"comment":null,"compat_foreach":false,"compat_metadata":false,"compat_powerful_this":null,"compat_wrappedjsobject":false,"compatopts_for_requires":true,"noframes":null,"override":{"merge_connects":true,"merge_excludes":true,"merge_includes":true,"merge_matches":true,"orig_excludes":[],"orig_includes":[],"orig_matches":["https://twitter.com/*","https://tweetdeck.twitter.com/*","https://mobile.twitter.com/*"],"orig_noframes":null,"orig_run_at":"document-idle","use_blockers":[],"use_connects":[],"use_excludes":[],"use_includes":[],"use_matches":[]},"run_at":null,"sandbox":null,"tab_types":null,"unwrap":null},"settings":{"enabled":true,"position":3},"meta":{"name":"Tweet Pure Links","uuid":"e324b831-d6ca-4e6f-9ee4-eb02918e5b66","modified":1596242899361,"file_url":"https://greasyfork.org/scripts/16847-tweet-pure-links/code/Tweet%20Pure%20Links.user.js"}}