{"options":{"check_for_updates":true,"comment":null,"compat_foreach":false,"compat_metadata":false,"compat_powerful_this":null,"compat_wrappedjsobject":false,"compatopts_for_requires":true,"noframes":null,"override":{"merge_connects":true,"merge_excludes":true,"merge_includes":true,"merge_matches":true,"orig_connects":["yuhan-script-config.netlify.app","*"],"orig_excludes":[],"orig_includes":[],"orig_matches":["*://twitter.com/*","*://x.com/*","*://yuhan-script-config.netlify.app/*","*://user-script-config-form.vercel.app/*"],"orig_noframes":null,"orig_run_at":"document-start","use_blockers":[],"use_connects":[],"use_excludes":[],"use_includes":[],"use_matches":[]},"run_at":null,"sandbox":null,"tab_types":null,"unwrap":null},"settings":{"enabled":true,"position":75},"meta":{"name":"Twitter Tweets(X Posts) Blocker & Filter","uuid":"64163b2a-7474-460d-aa69-d37ffe615a52","modified":1704027370223,"file_url":"https://update.greasyfork.org/scripts/473865/Twitter%20Tweets%28X%20Posts%29%20Blocker%20%20Filter.user.js"}}