{"options":{"check_for_updates":true,"comment":null,"compat_foreach":false,"compat_metadata":false,"compat_powerful_this":null,"compat_wrappedjsobject":false,"compatopts_for_requires":true,"noframes":null,"override":{"merge_connects":true,"merge_excludes":true,"merge_includes":true,"merge_matches":true,"orig_connects":[],"orig_excludes":[],"orig_includes":["https://twitter.com/*","https://mobile.twitter.com/*"],"orig_matches":[],"orig_noframes":null,"orig_run_at":"document-idle","use_blockers":[],"use_connects":[],"use_excludes":[],"use_includes":[],"use_matches":[]},"run_at":null,"sandbox":null,"tab_types":null,"unwrap":null},"settings":{"enabled":true,"position":45},"meta":{"name":"Twitter: Download Video","uuid":"dd0a8e1e-9359-455d-8c37-6cfd7c120aa6","modified":1620778859088,"file_url":"https://greasyfork.org/scripts/404515-twitter-download-video/code/Twitter:%20Download%20Video.user.js"}}