{"options":{"check_for_updates":true,"comment":null,"compat_foreach":false,"compat_metadata":false,"compat_powerful_this":null,"compat_wrappedjsobject":false,"compatopts_for_requires":true,"noframes":null,"override":{"merge_connects":true,"merge_excludes":true,"merge_includes":true,"merge_matches":true,"orig_connects":["cdn.bootcss.com","raw.githubusercontent.com","gist.githubusercontent.com","cdnjs.cloudflare.com","greasyfork.org","cdn.jsdelivr.net"],"orig_excludes":[],"orig_includes":["*"],"orig_matches":[],"orig_noframes":true,"orig_run_at":"document-end","use_blockers":[],"use_connects":[],"use_excludes":[],"use_includes":[],"use_matches":[]},"run_at":null,"sandbox":null,"tab_types":null,"unwrap":null},"settings":{"enabled":true,"position":38},"meta":{"name":"Userscript+ : Show Site All UserJS","uuid":"04161573-f3c7-4091-b8aa-e8180541bceb","modified":1668043056276,"file_url":"https://greasyfork.org/scripts/24508-userscript-show-site-all-userjs/code/Userscript+%20:%20Show%20Site%20All%20UserJS.user.js"}}