{"options":{"check_for_updates":true,"comment":null,"compat_foreach":false,"compat_metadata":false,"compat_powerful_this":null,"compat_wrappedjsobject":false,"compatopts_for_requires":true,"noframes":null,"override":{"merge_connects":true,"merge_excludes":true,"merge_includes":true,"merge_matches":true,"orig_connects":[],"orig_excludes":["*?url=*","*?qt=*","*?v=*"],"orig_includes":[],"orig_matches":["*://*.iqiyi.com/a_*","*://*.iqiyi.com/v_*","*://*.iqiyi.com/kszt/*","*://*.iqiyi.com/dianying/*","*://v.youku.com/v_show/*","*://v.qq.com/x/cover/*","*://v.qq.com/x/page/*","*://*.le.com/ptv/vplay/*","*://tv.sohu.com/20*","*://film.sohu.com/album/*","*://*.tudou.com/listplay/*","*://*.tudou.com/albumplay/*","*://*.tudou.com/programs/view/*","*://*.mgtv.com/b/*","*://v.pptv.com/show/*","*://vip.pptv.com/show/*","*://ddp.vip.pptv.com/vod_detail/*","*://vip.1905.com/play/*","*://*.acfun.cn/v/*","*://*.bilibili.com/video/*","*://*.bilibili.com/anime/*","*://v.yinyuetai.com/video/*","*://v.yinyuetai.com/playlist/*","*://*.wasu.cn/Play/show/*"],"orig_noframes":null,"orig_run_at":"document-end","use_blockers":[],"use_connects":[],"use_excludes":[],"use_includes":[],"use_matches":[]},"run_at":null,"sandbox":null,"tab_types":null,"unwrap":null},"settings":{"enabled":true,"position":57},"meta":{"name":"VIP Video Cracker（VIP视频解析）","uuid":"e6f3b479-6652-41bb-9593-77e9bfb35927","modified":1685859690803,"file_url":"https://greasyfork.org/scripts/31191-vip-video-cracker-vip%E8%A7%86%E9%A2%91%E8%A7%A3%E6%9E%90/code/VIP%20Video%20Cracker%EF%BC%88VIP%E8%A7%86%E9%A2%91%E8%A7%A3%E6%9E%90%EF%BC%89.user.js"}}