{"options":{"check_for_updates":true,"comment":null,"compat_foreach":false,"compat_metadata":false,"compat_powerful_this":null,"compat_wrappedjsobject":false,"compatopts_for_requires":true,"noframes":null,"override":{"merge_connects":true,"merge_excludes":true,"merge_includes":true,"merge_matches":true,"orig_connects":[],"orig_excludes":[],"orig_includes":["https://*youtube.com/*"],"orig_matches":[],"orig_noframes":null,"orig_run_at":"document-idle","use_blockers":[],"use_connects":[],"use_excludes":[],"use_includes":[],"use_matches":[]},"run_at":null,"sandbox":null,"tab_types":null,"unwrap":null},"settings":{"enabled":true,"position":26},"meta":{"name":"Youtube 翻译中文字幕下载 v14","uuid":"82cd599e-ac91-4c9c-ae1a-19f781b4302d","modified":1671866699460,"file_url":"https://greasyfork.org/scripts/38941-youtube-%E7%BF%BB%E8%AF%91%E4%B8%AD%E6%96%87%E5%AD%97%E5%B9%95%E4%B8%8B%E8%BD%BD-v13/code/Youtube%20%E7%BF%BB%E8%AF%91%E4%B8%AD%E6%96%87%E5%AD%97%E5%B9%95%E4%B8%8B%E8%BD%BD%20v13.user.js"}}