{"ts":1697591836854,"data":{"Z3dkX2RmcA==":"s{\"key\":\"gwd_dfp\",\"value\":\"VccIGoYxb94l3ZTBvib4HSxFfXqww3udnF5RP20YwaraYxTunDzGlNPArL03\",\"exp\":1694501065337}","Z3dkX2Zw":"s{\"key\":\"gwd_fp\",\"value\":\"De5suApvV3LXLfqN9nMNcDXgjePhme\",\"exp\":1694501065336}","aXNVcGRhdGU=":"s{\"key\":\"isUpdate\",\"value\":true,\"exp\":1719554525291}","amRfMTAwMDAwOTcwNzY1":"s{\"key\":\"jd_100000970765\",\"value\":{\"has_coupon\":false,\"after_price\":\"\",\"quan_price\":\"\",\"quan_context\":\"\",\"quan_time\":\"\",\"quan_link\":\"https://u.jd.com/0utkkvC\"},\"exp\":1697635036854}","amRfMTAwMDE2ODQ2MjI0":"s{\"key\":\"jd_100016846224\",\"value\":{\"has_coupon\":false,\"after_price\":\"\",\"quan_price\":\"\",\"quan_context\":\"\",\"quan_time\":\"\",\"quan_link\":\"https://u.jd.com/y8PAM2F\"},\"exp\":1690659981081}","amRfMTAwMDE3Nzc3MTUy":"s{\"key\":\"jd_100017777152\",\"value\":{\"has_coupon\":false,\"after_price\":\"\",\"quan_price\":\"\",\"quan_context\":\"\",\"quan_time\":\"\",\"quan_link\":\"\"},\"exp\":1690827488993}","amRfMTAwMDE4NTA3MTky":"s{\"key\":\"jd_100018507192\",\"value\":{\"has_coupon\":false,\"after_price\":\"\",\"quan_price\":\"\",\"quan_context\":\"\",\"quan_time\":\"\",\"quan_link\":\"https://u.jd.com/ybPPomR\"},\"exp\":1690660235272}","amRfMTAwNTA1MDg5MDE2NzA=":"s{\"key\":\"jd_10050508901670\",\"value\":{\"has_coupon\":true,\"after_price\":90,\"quan_price\":10,\"quan_context\":\"满100减10\",\"quan_time\":\"2023-03-08 23:59:59\",\"quan_link\":\"https://u.jd.com/IzdJBl8\"},\"exp\":1678191669642}","amRfMTAwNTM1Njc4NjU2NjA=":"s{\"key\":\"jd_10053567865660\",\"value\":{\"has_coupon\":true,\"after_price\":179,\"quan_price\":20,\"quan_context\":\"满199减20\",\"quan_time\":\"2023-07-31 23:59:59\",\"quan_link\":\"https://u.jd.com/y8SuzG4\"},\"exp\":1690661290104}","amRfMTAwNTM1Njc4NjU2NjE=":"s{\"key\":\"jd_10053567865661\",\"value\":{\"has_coupon\":true,\"after_price\":179,\"quan_price\":20,\"quan_context\":\"满199减20\",\"quan_time\":\"2023-07-31 23:59:59\",\"quan_link\":\"https://u.jd.com/yQSLLrC\"},\"exp\":1690662123769}","amRfMTAwNTQ2ODU0OTkzMDI=":"s{\"key\":\"jd_10054685499302\",\"value\":{\"has_coupon\":true,\"after_price\":178,\"quan_price\":211,\"quan_context\":\"满389减211\",\"quan_time\":\"2023-10-25 23:59:59\",\"quan_link\":\"https://u.jd.com/yzPceJ1\"},\"exp\":1690661156102}","amRfMTAwNzgwMzg0MTQzMjI=":"s{\"key\":\"jd_10078038414322\",\"value\":{\"has_coupon\":false,\"after_price\":\"\",\"quan_price\":\"\",\"quan_context\":\"\",\"quan_time\":\"\",\"quan_link\":\"https://u.jd.com/viwAzTQ\"},\"exp\":1693484268462}","amRfNjk3NjYyNjMwODk=":"s{\"key\":\"jd_69766263089\",\"value\":{\"has_coupon\":true,\"after_price\":290,\"quan_price\":10,\"quan_context\":\"满300减10\",\"quan_time\":\"2023-11-30 23:59:59\",\"quan_link\":\"https://u.jd.com/Puhrw7g\"},\"exp\":1697633129239}","amRfNjk3NjYyNjMwOTM=":"s{\"key\":\"jd_69766263093\",\"value\":{\"has_coupon\":true,\"after_price\":480,\"quan_price\":20,\"quan_context\":\"满500减20\",\"quan_time\":\"2023-11-30 23:59:59\",\"quan_link\":\"https://u.jd.com/0itVs8h\"},\"exp\":1697633227070}","amRfNjk3NjYyNjMwOTc=":"s{\"key\":\"jd_69766263097\",\"value\":{\"has_coupon\":true,\"after_price\":480,\"quan_price\":20,\"quan_context\":\"满500减20\",\"quan_time\":\"2023-11-30 23:59:59\",\"quan_link\":\"https://u.jd.com/Pih1t5u\"},\"exp\":1697633238034}","amRfNjk3NjYyNzk4MDE=":"s{\"key\":\"jd_69766279801\",\"value\":{\"has_coupon\":true,\"after_price\":480,\"quan_price\":20,\"quan_context\":\"满500减20\",\"quan_time\":\"2023-11-30 23:59:59\",\"quan_link\":\"https://u.jd.com/PshudmR\"},\"exp\":1697633219832}","amRfNzAxNDg4OTk0NzQ=":"s{\"key\":\"jd_70148899474\",\"value\":{\"has_coupon\":true,\"after_price\":480,\"quan_price\":20,\"quan_context\":\"满500减20\",\"quan_time\":\"2023-11-30 23:59:59\",\"quan_link\":\"https://u.jd.com/0QtNj7p\"},\"exp\":1697633289083}","amRfNzAxNDg4OTk0Nzg=":"s{\"key\":\"jd_70148899478\",\"value\":{\"has_coupon\":true,\"after_price\":970,\"quan_price\":30,\"quan_context\":\"满1000减30\",\"quan_time\":\"2023-11-30 23:59:59\",\"quan_link\":\"https://u.jd.com/0qtk6wD\"},\"exp\":1697633265843}","amRfNzAxNDg4OTk0Nzk=":"s{\"key\":\"jd_70148899479\",\"value\":{\"has_coupon\":true,\"after_price\":480,\"quan_price\":20,\"quan_context\":\"满500减20\",\"quan_time\":\"2023-11-30 23:59:59\",\"quan_link\":\"https://u.jd.com/0ut7I4n\"},\"exp\":1697633274703}","bGlzdF9zZXJ2aWNlX19BbGwyX2pkXzE2NjYwMjQ=":"s{\"key\":\"list_service__All2_jd_1666024\",\"value\":\"\",\"exp\":1687014936580}","bGlzdF9zZXJ2aWNlX19BbGwyX2pkXzE5MTA5MjM2Njcw":"s{\"key\":\"list_service__All2_jd_19109236670\",\"value\":\"\",\"exp\":1687014937382}","bGlzdF9zZXJ2aWNlX19BbGwyX2pkXzEwMDA0MTc1NzU3OQ==":"s{\"key\":\"list_service__All2_jd_100041757579\",\"value\":\"\",\"exp\":1690661127883}","bGlzdF9zZXJ2aWNlX19BbGwyX2pkXzEwMDA0Mzc4MjM2NQ==":"s{\"key\":\"list_service__All2_jd_100043782365\",\"value\":\"\",\"exp\":1690662156506}","bGlzdF9zZXJ2aWNlX19BbGwyX2pkXzEwMDA0NTk0NDAyOA==":"s{\"key\":\"list_service__All2_jd_100045944028\",\"value\":\"\",\"exp\":1690661216696}","bGlzdF9zZXJ2aWNlX19BbGwyX2pkXzEwMDA0ODc2NTE2OQ==":"s{\"key\":\"list_service__All2_jd_100048765169\",\"value\":\"\",\"exp\":1690662259803}","bGlzdF9zZXJ2aWNlX19BbGwyX2pkXzEwMDA0ODcxODAwNg==":"s{\"key\":\"list_service__All2_jd_100048718006\",\"value\":\"\",\"exp\":1687014940373}","bGlzdF9zZXJ2aWNlX19BbGwyX2pkXzEwMDA1MzE2NjM4MQ==":"s{\"key\":\"list_service__All2_jd_100053166381\",\"value\":\"\",\"exp\":1690662260006}","bGlzdF9zZXJ2aWNlX19BbGwyX2pkXzEwMDA1NTU1NDA2NQ==":"s{\"key\":\"list_service__All2_jd_100055554065\",\"value\":\"\",\"exp\":1690661122673}","bGlzdF9zZXJ2aWNlX19BbGwyX2pkXzEwMDA1NTYyNzA4NQ==":"s{\"key\":\"list_service__All2_jd_100055627085\",\"value\":\"\",\"exp\":1690661254002}","bGlzdF9zZXJ2aWNlX19BbGwyX2pkXzEwMDA1NjE2MTI2Mg==":"s{\"key\":\"list_service__All2_jd_100056161262\",\"value\":\"\",\"exp\":1690661258913}","bGlzdF9zZXJ2aWNlX19BbGwyX2pkXzEwMDA1Njc5MjA4Mw==":"s{\"key\":\"list_service__All2_jd_100056792083\",\"value\":\"\",\"exp\":1690661252914}","bGlzdF9zZXJ2aWNlX19BbGwyX2pkXzEwMDA1ODE0NjM5MQ==":"s{\"key\":\"list_service__All2_jd_100058146391\",\"value\":\"\",\"exp\":1690662157549}","bGlzdF9zZXJ2aWNlX19BbGwyX2pkXzEwMDA1ODQyNDE0NQ==":"s{\"key\":\"list_service__All2_jd_100058424145\",\"value\":\"\",\"exp\":1687014938383}","bGlzdF9zZXJ2aWNlX19BbGwyX2pkXzEwMDA1OTQ3MzM4NA==":"s{\"key\":\"list_service__All2_jd_100059473384\",\"value\":\"\",\"exp\":1690662262836}","bGlzdF9zZXJ2aWNlX19BbGwyX2pkXzEwMDA2Mjc3MTU5NQ==":"s{\"key\":\"list_service__All2_jd_100062771595\",\"value\":\"\",\"exp\":1690662157331}","bGlzdF9zZXJ2aWNlX19BbGwyX2pkXzEwMDAwMzMzOTI5MA==":"s{\"key\":\"list_service__All2_jd_100003339290\",\"value\":\"\",\"exp\":1690661257910}","bGlzdF9zZXJ2aWNlX19BbGwyX2pkXzEwMDAwNzYwMzk5OA==":"s{\"key\":\"list_service__All2_jd_100007603998\",\"value\":\"\",\"exp\":1690661254005}","bGlzdF9zZXJ2aWNlX19BbGwyX2pkXzEwMDAwNzYwODU2Nw==":"s{\"key\":\"list_service__All2_jd_100007608567\",\"value\":\"\",\"exp\":1690661123600}","bGlzdF9zZXJ2aWNlX19BbGwyX2pkXzEwMDAwODc1MTkzNw==":"s{\"key\":\"list_service__All2_jd_100008751937\",\"value\":\"\",\"exp\":1687014935097}","bGlzdF9zZXJ2aWNlX19BbGwyX2pkXzEwMDAwODc2NDg1MQ==":"s{\"key\":\"list_service__All2_jd_100008764851\",\"value\":\"\",\"exp\":1690662266005}","bGlzdF9zZXJ2aWNlX19BbGwyX2pkXzEwMDAwOTIyMTAyMQ==":"s{\"key\":\"list_service__All2_jd_100009221021\",\"value\":\"\",\"exp\":1687014933999}","bGlzdF9zZXJ2aWNlX19BbGwyX2pkXzEwMDAxMjkzOTc0OA==":"s{\"key\":\"list_service__All2_jd_100012939748\",\"value\":\"\",\"exp\":1690661215971}","bGlzdF9zZXJ2aWNlX19BbGwyX2pkXzEwMDAxNDYyNDEwMQ==":"s{\"key\":\"list_service__All2_jd_100014624101\",\"value\":\"\",\"exp\":1690662260204}","bGlzdF9zZXJ2aWNlX19BbGwyX2pkXzEwMDAxNTE4MzMwMQ==":"s{\"key\":\"list_service__All2_jd_100015183301\",\"value\":\"\",\"exp\":1690662261146}","bGlzdF9zZXJ2aWNlX19BbGwyX2pkXzEwMDAxNjIyOTkzMg==":"s{\"key\":\"list_service__All2_jd_100016229932\",\"value\":\"\",\"exp\":1690662259433}","bGlzdF9zZXJ2aWNlX19BbGwyX2pkXzEwMDAxNzUwNzkzMA==":"s{\"key\":\"list_service__All2_jd_100017507930\",\"value\":\"\",\"exp\":1687014938388}","bGlzdF9zZXJ2aWNlX19BbGwyX2pkXzEwMDAxOTgwMDAzMA==":"s{\"key\":\"list_service__All2_jd_100019800030\",\"value\":\"\",\"exp\":1690662260006}","bGlzdF9zZXJ2aWNlX19BbGwyX2pkXzEwMDAxOTk5NzA2Mw==":"s{\"key\":\"list_service__All2_jd_100019997063\",\"value\":\"\",\"exp\":1690662161477}","bGlzdF9zZXJ2aWNlX19BbGwyX2pkXzEwMDAyMDE1ODE0Ng==":"s{\"key\":\"list_service__All2_jd_100020158146\",\"value\":\"\",\"exp\":1687014935069}","bGlzdF9zZXJ2aWNlX19BbGwyX2pkXzEwMDAyMTU0OTAxNw==":"s{\"key\":\"list_service__All2_jd_100021549017\",\"value\":\"\",\"exp\":1690661218920}","bGlzdF9zZXJ2aWNlX19BbGwyX2pkXzEwMDAyMjMyNzc1OA==":"s{\"key\":\"list_service__All2_jd_100022327758\",\"value\":\"\",\"exp\":1687014934096}","bGlzdF9zZXJ2aWNlX19BbGwyX2pkXzEwMDAyMjMyNzg1Mg==":"s{\"key\":\"list_service__All2_jd_100022327852\",\"value\":\"\",\"exp\":1687014934011}","bGlzdF9zZXJ2aWNlX19BbGwyX2pkXzEwMDAyMjc4Mzc0NQ==":"s{\"key\":\"list_service__All2_jd_100022783745\",\"value\":\"\",\"exp\":1690661257910}","bGlzdF9zZXJ2aWNlX19BbGwyX2pkXzEwMDAyMzQzMzUwNg==":"s{\"key\":\"list_service__All2_jd_100023433506\",\"value\":\"\",\"exp\":1690662266005}","bGlzdF9zZXJ2aWNlX19BbGwyX2pkXzEwMDAyNDA2NDA1Mg==":"s{\"key\":\"list_service__All2_jd_100024064052\",\"value\":\"\",\"exp\":1687014937521}","bGlzdF9zZXJ2aWNlX19BbGwyX2pkXzEwMDAzMzg1MjA5Mg==":"s{\"key\":\"list_service__All2_jd_100033852092\",\"value\":\"\",\"exp\":1690661260174}","bGlzdF9zZXJ2aWNlX19BbGwyX2pkXzEwMDAzNDA3MjI1OA==":"s{\"key\":\"list_service__All2_jd_100034072258\",\"value\":\"\",\"exp\":1690661251915}","bGlzdF9zZXJ2aWNlX19BbGwyX2pkXzEwMDAzNTEyNzk5Ng==":"s{\"key\":\"list_service__All2_jd_100035127996\",\"value\":\"\",\"exp\":1690662161635}","bGlzdF9zZXJ2aWNlX19BbGwyX2pkXzEwMDAzNjA0NjczOQ==":"s{\"key\":\"list_service__All2_jd_100036046739\",\"value\":\"\",\"exp\":1690662161479}","bGlzdF9zZXJ2aWNlX19BbGwyX2pkXzEwMDAzNjQ1NDI2OA==":"s{\"key\":\"list_service__All2_jd_100036454268\",\"value\":\"\",\"exp\":1690661256921}","bGlzdF9zZXJ2aWNlX19BbGwyX2pkXzEwMDAzNzU5MjE5MQ==":"s{\"key\":\"list_service__All2_jd_100037592191\",\"value\":\"\",\"exp\":1690661214918}","bGlzdF9zZXJ2aWNlX19BbGwyX2pkXzEwMDAzNzU5MjIwOQ==":"s{\"key\":\"list_service__All2_jd_100037592209\",\"value\":\"\",\"exp\":1690661213882}","bGlzdF9zZXJ2aWNlX19BbGwyX2pkXzEwMDAzODE3MDY5Nw==":"s{\"key\":\"list_service__All2_jd_100038170697\",\"value\":\"\",\"exp\":1690662261146}","bGlzdF9zZXJ2aWNlX19BbGwyX2pkXzEwMDAzODgxMjk1Mw==":"s{\"key\":\"list_service__All2_jd_100038812953\",\"value\":\"\",\"exp\":1690661253990}","bGlzdF9zZXJ2aWNlX19BbGwyX2pkXzEwMDI4NTcwOTk5ODUw":"s{\"key\":\"list_service__All2_jd_10028570999850\",\"value\":\"\",\"exp\":1690662259845}","bGlzdF9zZXJ2aWNlX19BbGwyX2pkXzEwMDI5MzIzMDAxMTM5":"s{\"key\":\"list_service__All2_jd_10029323001139\",\"value\":\"\",\"exp\":1690662156505}","bGlzdF9zZXJ2aWNlX19BbGwyX2pkXzEwMDI5MzQxNDM2MjAy":"s{\"key\":\"list_service__All2_jd_10029341436202\",\"value\":\"\",\"exp\":1690662205635}","bGlzdF9zZXJ2aWNlX19BbGwyX2pkXzEwMDM0Nzk5OTkyMzgy":"s{\"key\":\"list_service__All2_jd_10034799992382\",\"value\":\"\",\"exp\":1690662264577}","bGlzdF9zZXJ2aWNlX19BbGwyX2pkXzEwMDM1NDEwNTY0ODY0":"s{\"key\":\"list_service__All2_jd_10035410564864\",\"value\":\"\",\"exp\":1690662266559}","bGlzdF9zZXJ2aWNlX19BbGwyX2pkXzEwMDM1NDExOTI3NjQx":"s{\"key\":\"list_service__All2_jd_10035411927641\",\"value\":\"\",\"exp\":1690662260009}","bGlzdF9zZXJ2aWNlX19BbGwyX2pkXzEwMDM2MDM4MjE0Nzk0":"s{\"key\":\"list_service__All2_jd_10036038214794\",\"value\":\"\",\"exp\":1690662261958}","bGlzdF9zZXJ2aWNlX19BbGwyX2pkXzEwMDM3NTYxMzQ4ODEw":"s{\"key\":\"list_service__All2_jd_10037561348810\",\"value\":\"\",\"exp\":1690661121980}","bGlzdF9zZXJ2aWNlX19BbGwyX2pkXzEwMDM5MjcxMzE2NjUy":"s{\"key\":\"list_service__All2_jd_10039271316652\",\"value\":\"\",\"exp\":1687014938406}","bGlzdF9zZXJ2aWNlX19BbGwyX2pkXzEwMDMxMjYzMzg0NjQw":"s{\"key\":\"list_service__All2_jd_10031263384640\",\"value\":\"\",\"exp\":1687014934004}","bGlzdF9zZXJ2aWNlX19BbGwyX2pkXzEwMDMyMzE1NzM4Mjcy":"s{\"key\":\"list_service__All2_jd_10032315738272\",\"value\":\"\",\"exp\":1690662260813}","bGlzdF9zZXJ2aWNlX19BbGwyX2pkXzEwMDMzMzAyMzIyNDg3":"s{\"key\":\"list_service__All2_jd_10033302322487\",\"value\":\"\",\"exp\":1690662264802}","bGlzdF9zZXJ2aWNlX19BbGwyX2pkXzEwMDQ1MzUwNDgzMDAz":"s{\"key\":\"list_service__All2_jd_10045350483003\",\"value\":\"\",\"exp\":1687014933115}","bGlzdF9zZXJ2aWNlX19BbGwyX2pkXzEwMDQ2MTU3NDE3MjQ3":"s{\"key\":\"list_service__All2_jd_10046157417247\",\"value\":\"\",\"exp\":1690661258910}","bGlzdF9zZXJ2aWNlX19BbGwyX2pkXzEwMDQ5NjAyNDgxNTcw":"s{\"key\":\"list_service__All2_jd_10049602481570\",\"value\":\"\",\"exp\":1690662204544}","bGlzdF9zZXJ2aWNlX19BbGwyX2pkXzEwMDQ5NjQyODk1NjE2":"s{\"key\":\"list_service__All2_jd_10049642895616\",\"value\":\"\",\"exp\":1690662199847}","bGlzdF9zZXJ2aWNlX19BbGwyX2pkXzEwMDQ5OTY1MzM0Njcw":"s{\"key\":\"list_service__All2_jd_10049965334670\",\"value\":\"\",\"exp\":1690662161897}","bGlzdF9zZXJ2aWNlX19BbGwyX2pkXzEwMDQxNTMyOTE0NDA2":"s{\"key\":\"list_service__All2_jd_10041532914406\",\"value\":\"\",\"exp\":1687014934045}","bGlzdF9zZXJ2aWNlX19BbGwyX2pkXzEwMDQyMjg2MTc5MzY1":"s{\"key\":\"list_service__All2_jd_10042286179365\",\"value\":\"\",\"exp\":1690662159496}","bGlzdF9zZXJ2aWNlX19BbGwyX2pkXzEwMDU0MDk1MzMxNjE5":"s{\"key\":\"list_service__All2_jd_10054095331619\",\"value\":\"\",\"exp\":1690661254009}","bGlzdF9zZXJ2aWNlX19BbGwyX2pkXzEwMDU0Njg1NDk5MzAy":"s{\"key\":\"list_service__All2_jd_10054685499302\",\"value\":\"\",\"exp\":1690661254022}","bGlzdF9zZXJ2aWNlX19BbGwyX2pkXzEwMDU1MzkxMjExMDMz":"s{\"key\":\"list_service__All2_jd_10055391211033\",\"value\":\"\",\"exp\":1687014937383}","bGlzdF9zZXJ2aWNlX19BbGwyX2pkXzEwMDU2NDAyNjc1MDcw":"s{\"key\":\"list_service__All2_jd_10056402675070\",\"value\":\"\",\"exp\":1690662156505}","bGlzdF9zZXJ2aWNlX19BbGwyX2pkXzEwMDU2OTQ2Njk5MDY0":"s{\"key\":\"list_service__All2_jd_10056946699064\",\"value\":\"\",\"exp\":1687014934058}","bGlzdF9zZXJ2aWNlX19BbGwyX2pkXzEwMDU4MTI0NjgzNjc0":"s{\"key\":\"list_service__All2_jd_10058124683674\",\"value\":\"\",\"exp\":1687014937136}","bGlzdF9zZXJ2aWNlX19BbGwyX2pkXzEwMDU5OTEzMjI3NzA1":"s{\"key\":\"list_service__All2_jd_10059913227705\",\"value\":\"\",\"exp\":1690662159601}","bGlzdF9zZXJ2aWNlX19BbGwyX2pkXzEwMDUxNzcyNzAyMzMz":"s{\"key\":\"list_service__All2_jd_10051772702333\",\"value\":\"\",\"exp\":1690662261145}","bGlzdF9zZXJ2aWNlX19BbGwyX2pkXzEwMDUyMDQwMDY0NTc2":"s{\"key\":\"list_service__All2_jd_10052040064576\",\"value\":\"\",\"exp\":1690662267560}","bGlzdF9zZXJ2aWNlX19BbGwyX2pkXzEwMDUyODQwNTMzODA4":"s{\"key\":\"list_service__All2_jd_10052840533808\",\"value\":\"\",\"exp\":1690661251927}","bGlzdF9zZXJ2aWNlX19BbGwyX2pkXzEwMDUyOTY3NjA4OTk2":"s{\"key\":\"list_service__All2_jd_10052967608996\",\"value\":\"\",\"exp\":1690662266559}","bGlzdF9zZXJ2aWNlX19BbGwyX2pkXzEwMDUzNTY3ODY1NjYw":"s{\"key\":\"list_service__All2_jd_10053567865660\",\"value\":\"\",\"exp\":1690661255955}","bGlzdF9zZXJ2aWNlX19BbGwyX2pkXzEwMDY0NzE4ODU5MTA2":"s{\"key\":\"list_service__All2_jd_10064718859106\",\"value\":\"\",\"exp\":1687014937505}","bGlzdF9zZXJ2aWNlX19BbGwyX2pkXzEwMDY2MzEzNDgwOTI1":"s{\"key\":\"list_service__All2_jd_10066313480925\",\"value\":\"\",\"exp\":1690661216744}","bGlzdF9zZXJ2aWNlX19BbGwyX2pkXzEwMDY2NjA0NTA2NjU0":"s{\"key\":\"list_service__All2_jd_10066604506654\",\"value\":\"\",\"exp\":1690662201256}","bGlzdF9zZXJ2aWNlX19BbGwyX2pkXzEwMDY2NjEwNzg3MzM0":"s{\"key\":\"list_service__All2_jd_10066610787334\",\"value\":\"\",\"exp\":1687014935125}","bGlzdF9zZXJ2aWNlX19BbGwyX2pkXzEwMDY2NzExMTM4MTAy":"s{\"key\":\"list_service__All2_jd_10066711138102\",\"value\":\"\",\"exp\":1690661218921}","bGlzdF9zZXJ2aWNlX19BbGwyX2pkXzEwMDY2NzI0MTMxMTgw":"s{\"key\":\"list_service__All2_jd_10066724131180\",\"value\":\"\",\"exp\":1690662261797}","bGlzdF9zZXJ2aWNlX19BbGwyX2pkXzEwMDY2NzIyNTYwMzc3":"s{\"key\":\"list_service__All2_jd_10066722560377\",\"value\":\"\",\"exp\":1690662264809}","bGlzdF9zZXJ2aWNlX19BbGwyX2pkXzEwMDY2ODQzNDI5MjI1":"s{\"key\":\"list_service__All2_jd_10066843429225\",\"value\":\"\",\"exp\":1690662162492}","bGlzdF9zZXJ2aWNlX19BbGwyX2pkXzEwMDY2OTA1MTg5NTc2":"s{\"key\":\"list_service__All2_jd_10066905189576\",\"value\":\"\",\"exp\":1690661253925}","bGlzdF9zZXJ2aWNlX19BbGwyX2pkXzEwMDY2OTg5NjgwMTE0":"s{\"key\":\"list_service__All2_jd_10066989680114\",\"value\":\"\",\"exp\":1690662205473}","bGlzdF9zZXJ2aWNlX19BbGwyX2pkXzEwMDY3MDMwNjA2OTAz":"s{\"key\":\"list_service__All2_jd_10067030606903\",\"value\":\"\",\"exp\":1687014933045}","bGlzdF9zZXJ2aWNlX19BbGwyX2pkXzEwMDY3MjYxODEyNjU3":"s{\"key\":\"list_service__All2_jd_10067261812657\",\"value\":\"\",\"exp\":1690662261642}","bGlzdF9zZXJ2aWNlX19BbGwyX2pkXzEwMDY3ODE4NjUxMzQ3":"s{\"key\":\"list_service__All2_jd_10067818651347\",\"value\":\"\",\"exp\":1690662199847}","bGlzdF9zZXJ2aWNlX19BbGwyX2pkXzEwMDY3ODE5NDQzNTk2":"s{\"key\":\"list_service__All2_jd_10067819443596\",\"value\":\"\",\"exp\":1690662200374}","bGlzdF9zZXJ2aWNlX19BbGwyX2pkXzEwMDY4OTQyNzM4Mzg1":"s{\"key\":\"list_service__All2_jd_10068942738385\",\"value\":\"\",\"exp\":1690662261146}","bGlzdF9zZXJ2aWNlX19BbGwyX2pkXzEwMDY4OTkxMzA2ODIy":"s{\"key\":\"list_service__All2_jd_10068991306822\",\"value\":\"\",\"exp\":1690661253989}","bGlzdF9zZXJ2aWNlX19BbGwyX2pkXzEwMDY5MDIwODM0Mzcw":"s{\"key\":\"list_service__All2_jd_10069020834370\",\"value\":\"\",\"exp\":1690661254558}","bGlzdF9zZXJ2aWNlX19BbGwyX2pkXzEwMDY5MjY4Mzg4MDQ1":"s{\"key\":\"list_service__All2_jd_10069268388045\",\"value\":\"\",\"exp\":1690662261797}","bGlzdF9zZXJ2aWNlX19BbGwyX2pkXzEwMDY5MjY4ODE1OTMz":"s{\"key\":\"list_service__All2_jd_10069268815933\",\"value\":\"\",\"exp\":1690662261585}","bGlzdF9zZXJ2aWNlX19BbGwyX2pkXzEwMDY5ODg1MzIxNTYw":"s{\"key\":\"list_service__All2_jd_10069885321560\",\"value\":\"\",\"exp\":1690662156568}","bGlzdF9zZXJ2aWNlX19BbGwyX2pkXzEwMDY5ODg1MzQ2NzUy":"s{\"key\":\"list_service__All2_jd_10069885346752\",\"value\":\"\",\"exp\":1690662162870}","bGlzdF9zZXJ2aWNlX19BbGwyX2pkXzEwMDY5ODg1NDE5NjM1":"s{\"key\":\"list_service__All2_jd_10069885419635\",\"value\":\"\",\"exp\":1690662199842}","bGlzdF9zZXJ2aWNlX19BbGwyX2pkXzEwMDY5OTQzNzcyMzk2":"s{\"key\":\"list_service__All2_jd_10069943772396\",\"value\":\"\",\"exp\":1690661256923}","bGlzdF9zZXJ2aWNlX19BbGwyX2pkXzEwMDYwMDE1NDgzMjc3":"s{\"key\":\"list_service__All2_jd_10060015483277\",\"value\":\"\",\"exp\":1690662204545}","bGlzdF9zZXJ2aWNlX19BbGwyX2pkXzEwMDYxNzI5MjQ1ODkz":"s{\"key\":\"list_service__All2_jd_10061729245893\",\"value\":\"\",\"exp\":1690661252912}","bGlzdF9zZXJ2aWNlX19BbGwyX2pkXzEwMDYxODA0NTA0Nzk2":"s{\"key\":\"list_service__All2_jd_10061804504796\",\"value\":\"\",\"exp\":1690662266184}","bGlzdF9zZXJ2aWNlX19BbGwyX2pkXzEwMDYyNjAzNzQ5Nzgw":"s{\"key\":\"list_service__All2_jd_10062603749780\",\"value\":\"\",\"exp\":1690661252915}","bGlzdF9zZXJ2aWNlX19BbGwyX2pkXzEwMDYyODUzOTcyNjc1":"s{\"key\":\"list_service__All2_jd_10062853972675\",\"value\":\"\",\"exp\":1690662162653}","bGlzdF9zZXJ2aWNlX19BbGwyX2pkXzEwMDYzODk5MjM2OTYz":"s{\"key\":\"list_service__All2_jd_10063899236963\",\"value\":\"\",\"exp\":1690662158996}","bGlzdF9zZXJ2aWNlX19BbGwyX2pkXzEwMDYzOTExMDQ1OTcw":"s{\"key\":\"list_service__All2_jd_10063911045970\",\"value\":\"\",\"exp\":1690662157119}","bGlzdF9zZXJ2aWNlX19BbGwyX2pkXzEwMDc1NDE3MDE5MjQz":"s{\"key\":\"list_service__All2_jd_10075417019243\",\"value\":\"\",\"exp\":1690662204714}","bGlzdF9zZXJ2aWNlX19BbGwyX2pkXzEwMDc1NTYwNTk1MjU4":"s{\"key\":\"list_service__All2_jd_10075560595258\",\"value\":\"\",\"exp\":1690662200242}","bGlzdF9zZXJ2aWNlX19BbGwyX2pkXzEwMDc1OTUzNzk4OTE4":"s{\"key\":\"list_service__All2_jd_10075953798918\",\"value\":\"\",\"exp\":1690661216019}","bGlzdF9zZXJ2aWNlX19BbGwyX2pkXzEwMDc2MzYzNTc4MzM3":"s{\"key\":\"list_service__All2_jd_10076363578337\",\"value\":\"\",\"exp\":1690661254541}","bGlzdF9zZXJ2aWNlX19BbGwyX2pkXzEwMDc2NTUxNzE2NDY5":"s{\"key\":\"list_service__All2_jd_10076551716469\",\"value\":\"\",\"exp\":1690662259604}","bGlzdF9zZXJ2aWNlX19BbGwyX2pkXzEwMDc2Nzc2NDE0MTU5":"s{\"key\":\"list_service__All2_jd_10076776414159\",\"value\":\"\",\"exp\":1690661215655}","bGlzdF9zZXJ2aWNlX19BbGwyX2pkXzEwMDc2ODcwNTE5Njgx":"s{\"key\":\"list_service__All2_jd_10076870519681\",\"value\":\"\",\"exp\":1690662204884}","bGlzdF9zZXJ2aWNlX19BbGwyX2pkXzEwMDc3MjQ4Nzk1Mzc5":"s{\"key\":\"list_service__All2_jd_10077248795379\",\"value\":\"\",\"exp\":1690662156506}","bGlzdF9zZXJ2aWNlX19BbGwyX2pkXzEwMDc3OTM5Nzc0OTU4":"s{\"key\":\"list_service__All2_jd_10077939774958\",\"value\":\"\",\"exp\":1690662199163}","bGlzdF9zZXJ2aWNlX19BbGwyX2pkXzEwMDc4MTA1MzkxNzI2":"s{\"key\":\"list_service__All2_jd_10078105391726\",\"value\":\"\",\"exp\":1690662156569}","bGlzdF9zZXJ2aWNlX19BbGwyX2pkXzEwMDc4MTA4MTA2NjE5":"s{\"key\":\"list_service__All2_jd_10078108106619\",\"value\":\"\",\"exp\":1690662201363}","bGlzdF9zZXJ2aWNlX19BbGwyX2pkXzEwMDc4MzIyMjgyNTMw":"s{\"key\":\"list_service__All2_jd_10078322282530\",\"value\":\"\",\"exp\":1690662259638}","bGlzdF9zZXJ2aWNlX19BbGwyX2pkXzEwMDc4NDM2OTgzMjEy":"s{\"key\":\"list_service__All2_jd_10078436983212\",\"value\":\"\",\"exp\":1690662201362}","bGlzdF9zZXJ2aWNlX19BbGwyX2pkXzEwMDc4NDM3MTg3MjUz":"s{\"key\":\"list_service__All2_jd_10078437187253\",\"value\":\"\",\"exp\":1690662162653}","bGlzdF9zZXJ2aWNlX19BbGwyX2pkXzEwMDc5MjAyMzE4Mjk0":"s{\"key\":\"list_service__All2_jd_10079202318294\",\"value\":\"\",\"exp\":1690662267561}","bGlzdF9zZXJ2aWNlX19BbGwyX2pkXzEwMDc5MjY2NDQ1NjI5":"s{\"key\":\"list_service__All2_jd_10079266445629\",\"value\":\"\",\"exp\":1690662204545}","bGlzdF9zZXJ2aWNlX19BbGwyX2pkXzEwMDc5MjkxNTM4MDQ3":"s{\"key\":\"list_service__All2_jd_10079291538047\",\"value\":\"\",\"exp\":1690662200568}","bGlzdF9zZXJ2aWNlX19BbGwyX2pkXzEwMDc5MzA1MjYyNDM5":"s{\"key\":\"list_service__All2_jd_10079305262439\",\"value\":\"\",\"exp\":1690661258913}","bGlzdF9zZXJ2aWNlX19BbGwyX2pkXzEwMDc5MzI1MDYzMDAw":"s{\"key\":\"list_service__All2_jd_10079325063000\",\"value\":\"\",\"exp\":1690662205848}","bGlzdF9zZXJ2aWNlX19BbGwyX2pkXzEwMDc5MzI1ODY2Nzg1":"s{\"key\":\"list_service__All2_jd_10079325866785\",\"value\":\"\",\"exp\":1690662160490}","bGlzdF9zZXJ2aWNlX19BbGwyX2pkXzEwMDc5MzI2NDY5ODA1":"s{\"key\":\"list_service__All2_jd_10079326469805\",\"value\":\"\",\"exp\":1690662200374}","bGlzdF9zZXJ2aWNlX19BbGwyX2pkXzEwMDc5MzI2Nzk1Mjgy":"s{\"key\":\"list_service__All2_jd_10079326795282\",\"value\":\"\",\"exp\":1690662200413}","bGlzdF9zZXJ2aWNlX19BbGwyX2pkXzEwMDc5MzI3OTg1MzM1":"s{\"key\":\"list_service__All2_jd_10079327985335\",\"value\":\"\",\"exp\":1690662156668}","bGlzdF9zZXJ2aWNlX19BbGwyX2pkXzEwMDc5MzIxNDQyNTk5":"s{\"key\":\"list_service__All2_jd_10079321442599\",\"value\":\"\",\"exp\":1690662200373}","bGlzdF9zZXJ2aWNlX19BbGwyX2pkXzEwMDc5MzIxNDYwMjI2":"s{\"key\":\"list_service__All2_jd_10079321460226\",\"value\":\"\",\"exp\":1690662201145}","bGlzdF9zZXJ2aWNlX19BbGwyX2pkXzEwMDc5MzIyMDg3NzYz":"s{\"key\":\"list_service__All2_jd_10079322087763\",\"value\":\"\",\"exp\":1690662200373}","bGlzdF9zZXJ2aWNlX19BbGwyX2pkXzEwMDc5NDg3ODkxMDAw":"s{\"key\":\"list_service__All2_jd_10079487891000\",\"value\":\"\",\"exp\":1690662200371}","bGlzdF9zZXJ2aWNlX19BbGwyX2pkXzEwMDc5NjcwODc4OTY1":"s{\"key\":\"list_service__All2_jd_10079670878965\",\"value\":\"\",\"exp\":1690662156141}","bGlzdF9zZXJ2aWNlX19BbGwyX2pkXzEwMDc5NjcwODk3MDk4":"s{\"key\":\"list_service__All2_jd_10079670897098\",\"value\":\"\",\"exp\":1690662160646}","bGlzdF9zZXJ2aWNlX19BbGwyX2pkXzEwMDc5ODc3NjU3Njgz":"s{\"key\":\"list_service__All2_jd_10079877657683\",\"value\":\"\",\"exp\":1690662200566}","bGlzdF9zZXJ2aWNlX19BbGwyX2pkXzEwMDcwMjQ2NDMyODk1":"s{\"key\":\"list_service__All2_jd_10070246432895\",\"value\":\"\",\"exp\":1687014937310}","bGlzdF9zZXJ2aWNlX19BbGwyX2pkXzEwMDcxMDAzNTU1MzMw":"s{\"key\":\"list_service__All2_jd_10071003555330\",\"value\":\"\",\"exp\":1690662160217}","bGlzdF9zZXJ2aWNlX19BbGwyX2pkXzEwMDcxODQ5NjI5NjY1":"s{\"key\":\"list_service__All2_jd_10071849629665\",\"value\":\"\",\"exp\":1690662200193}","bGlzdF9zZXJ2aWNlX19BbGwyX2pkXzEwMDcyMDY3NTA0MjQ2":"s{\"key\":\"list_service__All2_jd_10072067504246\",\"value\":\"\",\"exp\":1690662204545}","bGlzdF9zZXJ2aWNlX19BbGwyX2pkXzEwMDcyMTk3MTk3OTMy":"s{\"key\":\"list_service__All2_jd_10072197197932\",\"value\":\"\",\"exp\":1690662156504}","bGlzdF9zZXJ2aWNlX19BbGwyX2pkXzEwMDcyODAxODIwODI4":"s{\"key\":\"list_service__All2_jd_10072801820828\",\"value\":\"\",\"exp\":1690662205712}","bGlzdF9zZXJ2aWNlX19BbGwyX2pkXzEwMDgwMjE5MDk3Mjgy":"s{\"key\":\"list_service__All2_jd_10080219097282\",\"value\":\"\",\"exp\":1690662160491}","bGlzdF9zZXJ2aWNlX19BbGwyX2pkXzEwMDgwMjc2MTA5NjYw":"s{\"key\":\"list_service__All2_jd_10080276109660\",\"value\":\"\",\"exp\":1690662205711}","bGlzdF9zZXJ2aWNlX19BbGwyX2pkXzEwMDgxODYxNzYxMDEw":"s{\"key\":\"list_service__All2_jd_10081861761010\",\"value\":\"\",\"exp\":1690662200633}","bGlzdF9zZXJ2aWNlX19BbGwyX2pkXzEyMDQ1NTI5MzY0":"s{\"key\":\"list_service__All2_jd_12045529364\",\"value\":\"\",\"exp\":1687014935122}","bGlzdF9zZXJ2aWNlX19BbGwyX2pkXzI2NjMyNjM1ODY0":"s{\"key\":\"list_service__All2_jd_26632635864\",\"value\":\"\",\"exp\":1687014939366}","bGlzdF9zZXJ2aWNlX19BbGwyX2pkXzM3MjMzNzczNDgw":"s{\"key\":\"list_service__All2_jd_37233773480\",\"value\":\"\",\"exp\":1687014935128}","bGlzdF9zZXJ2aWNlX19BbGwyX2pkXzM4MjU0ODU3NDc5":"s{\"key\":\"list_service__All2_jd_38254857479\",\"value\":\"\",\"exp\":1687014933098}","bGlzdF9zZXJ2aWNlX19BbGwyX2pkXzU0NzI1NzY1MzAx":"s{\"key\":\"list_service__All2_jd_54725765301\",\"value\":\"\",\"exp\":1687014935088}","bGlzdF9zZXJ2aWNlX19BbGwyX2pkXzUwMDIwMzUxMTA0":"s{\"key\":\"list_service__All2_jd_50020351104\",\"value\":\"\",\"exp\":1687014933079}","bGlzdF9zZXJ2aWNlX19BbGwyX2pkXzY2NzI0NDM4OTMx":"s{\"key\":\"list_service__All2_jd_66724438931\",\"value\":\"\",\"exp\":1687014934148}","bGlzdF9zZXJ2aWNlX19BbGwyX2pkXzYzNjE4MTMxMjU0":"s{\"key\":\"list_service__All2_jd_63618131254\",\"value\":\"\",\"exp\":1690661251927}","bGlzdF9zZXJ2aWNlX19BbGwyX2pkXzcwNDUwNjA4MjE2":"s{\"key\":\"list_service__All2_jd_70450608216\",\"value\":\"\",\"exp\":1687014935229}","bGlzdF9zZXJ2aWNlX19BbGwyX3RiXzI1NDQ2MTg4MzYz":"s{\"key\":\"list_service__All2_tb_25446188363\",\"value\":\"\",\"exp\":1694282078951}","bGlzdF9zZXJ2aWNlX19BbGwyX3RiXzIyMDQ0MTk5NzU4":"s{\"key\":\"list_service__All2_tb_22044199758\",\"value\":\"\",\"exp\":1694282072889}","bGlzdF9zZXJ2aWNlX19BbGwyX3RiXzM2NjQ2NTI5NjQ5":"s{\"key\":\"list_service__All2_tb_36646529649\",\"value\":\"\",\"exp\":1694282072930}","bGlzdF9zZXJ2aWNlX19BbGwyX3RiXzQzMDI4NzgwOTA1":"s{\"key\":\"list_service__All2_tb_43028780905\",\"value\":\"\",\"exp\":1694285046698}","bGlzdF9zZXJ2aWNlX19BbGwyX3RiXzU0NTEwOTc0NTkzNA==":"s{\"key\":\"list_service__All2_tb_545109745934\",\"value\":\"\",\"exp\":1694117007757}","bGlzdF9zZXJ2aWNlX19BbGwyX3RiXzU1MTcxODgzNTg2NA==":"s{\"key\":\"list_service__All2_tb_551718835864\",\"value\":\"\",\"exp\":1694117900916}","bGlzdF9zZXJ2aWNlX19BbGwyX3RiXzU2MTE1ODEwODE3NQ==":"s{\"key\":\"list_service__All2_tb_561158108175\",\"value\":\"\",\"exp\":1694117012762}","bGlzdF9zZXJ2aWNlX19BbGwyX3RiXzU2MTgwODU5NzY1Mw==":"s{\"key\":\"list_service__All2_tb_561808597653\",\"value\":\"\",\"exp\":1694117902002}","bGlzdF9zZXJ2aWNlX19BbGwyX3RiXzU2MzU5MzU2OTk4Mg==":"s{\"key\":\"list_service__All2_tb_563593569982\",\"value\":\"\",\"exp\":1694117006772}","bGlzdF9zZXJ2aWNlX19BbGwyX3RiXzU2MzY4MTM1MDk5Nw==":"s{\"key\":\"list_service__All2_tb_563681350997\",\"value\":\"\",\"exp\":1694117005761}","bGlzdF9zZXJ2aWNlX19BbGwyX3RiXzU2OTkzNzQxMDk4MA==":"s{\"key\":\"list_service__All2_tb_569937410980\",\"value\":\"\",\"exp\":1694282078937}","bGlzdF9zZXJ2aWNlX19BbGwyX3RiXzU4MjM2MzYwMjQyMw==":"s{\"key\":\"list_service__All2_tb_582363602423\",\"value\":\"\",\"exp\":1694287258722}","bGlzdF9zZXJ2aWNlX19BbGwyX3RiXzU4MjgwNjI0NjYxNg==":"s{\"key\":\"list_service__All2_tb_582806246616\",\"value\":\"\",\"exp\":1694287262709}","bGlzdF9zZXJ2aWNlX19BbGwyX3RiXzU4ODQ2NTE4NTQ5NQ==":"s{\"key\":\"list_service__All2_tb_588465185495\",\"value\":\"\",\"exp\":1694284961243}","bGlzdF9zZXJ2aWNlX19BbGwyX3RiXzU5MDM4NDc2MzYyOA==":"s{\"key\":\"list_service__All2_tb_590384763628\",\"value\":\"\",\"exp\":1694117012760}","bGlzdF9zZXJ2aWNlX19BbGwyX3RiXzU5MDQ5NDc1Mzk0Nw==":"s{\"key\":\"list_service__All2_tb_590494753947\",\"value\":\"\",\"exp\":1694287257729}","bGlzdF9zZXJ2aWNlX19BbGwyX3RiXzU5MDkyMjM1MzM5Mw==":"s{\"key\":\"list_service__All2_tb_590922353393\",\"value\":\"\",\"exp\":1694287261701}","bGlzdF9zZXJ2aWNlX19BbGwyX3RiXzUyMzkyMjA4OTkwMQ==":"s{\"key\":\"list_service__All2_tb_523922089901\",\"value\":\"\",\"exp\":1694282074178}","bGlzdF9zZXJ2aWNlX19BbGwyX3RiXzUyODQwMTg2Nzc3Mg==":"s{\"key\":\"list_service__All2_tb_528401867772\",\"value\":\"\",\"exp\":1694281983265}","bGlzdF9zZXJ2aWNlX19BbGwyX3RiXzUzMTQzNzAwMDQ1MA==":"s{\"key\":\"list_service__All2_tb_531437000450\",\"value\":\"\",\"exp\":1694117005759}","bGlzdF9zZXJ2aWNlX19BbGwyX3RiXzUzNzMyNjc2MjAzMQ==":"s{\"key\":\"list_service__All2_tb_537326762031\",\"value\":\"\",\"exp\":1694117900890}","bGlzdF9zZXJ2aWNlX19BbGwyX3RiXzY0MTA0ODQwODQ0NA==":"s{\"key\":\"list_service__All2_tb_641048408444\",\"value\":\"\",\"exp\":1694117902979}","bGlzdF9zZXJ2aWNlX19BbGwyX3RiXzY0MTI1ODE5OTc2Mw==":"s{\"key\":\"list_service__All2_tb_641258199763\",\"value\":\"\",\"exp\":1694117905529}","bGlzdF9zZXJ2aWNlX19BbGwyX3RiXzY0Mjg4MTk3MjkyMw==":"s{\"key\":\"list_service__All2_tb_642881972923\",\"value\":\"\",\"exp\":1694285043738}","bGlzdF9zZXJ2aWNlX19BbGwyX3RiXzY0MzQ0NTIyMDAwOA==":"s{\"key\":\"list_service__All2_tb_643445220008\",\"value\":\"\",\"exp\":1694282074963}","bGlzdF9zZXJ2aWNlX19BbGwyX3RiXzY0Mzc2Mzc5NDI5NQ==":"s{\"key\":\"list_service__All2_tb_643763794295\",\"value\":\"\",\"exp\":1694117005758}","bGlzdF9zZXJ2aWNlX19BbGwyX3RiXzY0NDk3Mjg5NTcxNg==":"s{\"key\":\"list_service__All2_tb_644972895716\",\"value\":\"\",\"exp\":1694281987950}","bGlzdF9zZXJ2aWNlX19BbGwyX3RiXzY1MTQ4NDAwMzY3OA==":"s{\"key\":\"list_service__All2_tb_651484003678\",\"value\":\"\",\"exp\":1694284960182}","bGlzdF9zZXJ2aWNlX19BbGwyX3RiXzY1Mjc3OTI3MTQ0NA==":"s{\"key\":\"list_service__All2_tb_652779271444\",\"value\":\"\",\"exp\":1694117012762}","bGlzdF9zZXJ2aWNlX19BbGwyX3RiXzY1MzY2NTE4MTY3Mw==":"s{\"key\":\"list_service__All2_tb_653665181673\",\"value\":\"\",\"exp\":1694282074986}","bGlzdF9zZXJ2aWNlX19BbGwyX3RiXzY1NTY5OTE3ODU4NA==":"s{\"key\":\"list_service__All2_tb_655699178584\",\"value\":\"\",\"exp\":1694282074973}","bGlzdF9zZXJ2aWNlX19BbGwyX3RiXzY1Njg1Mjg1NzM1Ng==":"s{\"key\":\"list_service__All2_tb_656852857356\",\"value\":\"\",\"exp\":1694117007757}","bGlzdF9zZXJ2aWNlX19BbGwyX3RiXzY1OTQ1OTgyNTM2Nw==":"s{\"key\":\"list_service__All2_tb_659459825367\",\"value\":\"\",\"exp\":1694282080839}","bGlzdF9zZXJ2aWNlX19BbGwyX3RiXzY2Mjk5MzQzNTc2Ng==":"s{\"key\":\"list_service__All2_tb_662993435766\",\"value\":\"\",\"exp\":1694281983307}","bGlzdF9zZXJ2aWNlX19BbGwyX3RiXzY2NTk5MzgxNTc0NQ==":"s{\"key\":\"list_service__All2_tb_665993815745\",\"value\":\"\",\"exp\":1694117906530}","bGlzdF9zZXJ2aWNlX19BbGwyX3RiXzY2ODUxODU3MzgzNg==":"s{\"key\":\"list_service__All2_tb_668518573836\",\"value\":\"\",\"exp\":1694282074038}","bGlzdF9zZXJ2aWNlX19BbGwyX3RiXzY2ODc2NjExMDE4Ng==":"s{\"key\":\"list_service__All2_tb_668766110186\",\"value\":\"\",\"exp\":1694287261704}","bGlzdF9zZXJ2aWNlX19BbGwyX3RiXzY2ODcwMTA1MzY4Ng==":"s{\"key\":\"list_service__All2_tb_668701053686\",\"value\":\"\",\"exp\":1694117011767}","bGlzdF9zZXJ2aWNlX19BbGwyX3RiXzY2ODg3MjI3MTM2Mw==":"s{\"key\":\"list_service__All2_tb_668872271363\",\"value\":\"\",\"exp\":1694117902094}","bGlzdF9zZXJ2aWNlX19BbGwyX3RiXzY2OTI3NjE2MDI3Nw==":"s{\"key\":\"list_service__All2_tb_669276160277\",\"value\":\"\",\"exp\":1694285046708}","bGlzdF9zZXJ2aWNlX19BbGwyX3RiXzY2OTIxODUyMzg2Mw==":"s{\"key\":\"list_service__All2_tb_669218523863\",\"value\":\"\",\"exp\":1694117012763}","bGlzdF9zZXJ2aWNlX19BbGwyX3RiXzY3MDM5MzIyMjY3MA==":"s{\"key\":\"list_service__All2_tb_670393222670\",\"value\":\"\",\"exp\":1694117900939}","bGlzdF9zZXJ2aWNlX19BbGwyX3RiXzY3MDcwMjgxOTUyNA==":"s{\"key\":\"list_service__All2_tb_670702819524\",\"value\":\"\",\"exp\":1694117906544}","bGlzdF9zZXJ2aWNlX19BbGwyX3RiXzY3MTAwNTYxNTE1Ng==":"s{\"key\":\"list_service__All2_tb_671005615156\",\"value\":\"\",\"exp\":1694282076929}","bGlzdF9zZXJ2aWNlX19BbGwyX3RiXzY3NTQ3NTAxOTI5OQ==":"s{\"key\":\"list_service__All2_tb_675475019299\",\"value\":\"\",\"exp\":1694117011767}","bGlzdF9zZXJ2aWNlX19BbGwyX3RiXzY3NjMxMTIyNTg5OA==":"s{\"key\":\"list_service__All2_tb_676311225898\",\"value\":\"\",\"exp\":1694117014769}","bGlzdF9zZXJ2aWNlX19BbGwyX3RiXzY3ODg5NDQ4MDM4Nw==":"s{\"key\":\"list_service__All2_tb_678894480387\",\"value\":\"\",\"exp\":1694281985878}","bGlzdF9zZXJ2aWNlX19BbGwyX3RiXzY3OTA2NjgzNjk5MA==":"s{\"key\":\"list_service__All2_tb_679066836990\",\"value\":\"\",\"exp\":1694281987919}","bGlzdF9zZXJ2aWNlX19BbGwyX3RiXzY3OTI0MTIzNjE4Mg==":"s{\"key\":\"list_service__All2_tb_679241236182\",\"value\":\"\",\"exp\":1694281982004}","bGlzdF9zZXJ2aWNlX19BbGwyX3RiXzY3OTc0Mzg3MDc1Mg==":"s{\"key\":\"list_service__All2_tb_679743870752\",\"value\":\"\",\"exp\":1694287257716}","bGlzdF9zZXJ2aWNlX19BbGwyX3RiXzY3OTc3NjEzMjYwMw==":"s{\"key\":\"list_service__All2_tb_679776132603\",\"value\":\"\",\"exp\":1694117902979}","bGlzdF9zZXJ2aWNlX19BbGwyX3RiXzY4MDIwMTUwMDY5MA==":"s{\"key\":\"list_service__All2_tb_680201500690\",\"value\":\"\",\"exp\":1694117007757}","bGlzdF9zZXJ2aWNlX19BbGwyX3RiXzY4MDUwNTE1MjY4Ng==":"s{\"key\":\"list_service__All2_tb_680505152686\",\"value\":\"\",\"exp\":1694287261700}","bGlzdF9zZXJ2aWNlX19BbGwyX3RiXzY4MDYzNTM2NTQ3MQ==":"s{\"key\":\"list_service__All2_tb_680635365471\",\"value\":\"\",\"exp\":1694117006773}","bGlzdF9zZXJ2aWNlX19BbGwyX3RiXzY4MDczMTEyOTA3Mg==":"s{\"key\":\"list_service__All2_tb_680731129072\",\"value\":\"\",\"exp\":1694287257737}","bGlzdF9zZXJ2aWNlX19BbGwyX3RiXzY4MDg0MDIyMzg3Ng==":"s{\"key\":\"list_service__All2_tb_680840223876\",\"value\":\"\",\"exp\":1694285048710}","bGlzdF9zZXJ2aWNlX19BbGwyX3RiXzY4NDU2MzUyNDc3MA==":"s{\"key\":\"list_service__All2_tb_684563524770\",\"value\":\"\",\"exp\":1694117907582}","bGlzdF9zZXJ2aWNlX19BbGwyX3RiXzY4NDk0MDYxNDc5MQ==":"s{\"key\":\"list_service__All2_tb_684940614791\",\"value\":\"\",\"exp\":1694117902001}","bGlzdF9zZXJ2aWNlX19BbGwyX3RiXzY5MDM4MTc1MTY2Mw==":"s{\"key\":\"list_service__All2_tb_690381751663\",\"value\":\"\",\"exp\":1694117906544}","bGlzdF9zZXJ2aWNlX19BbGwyX3RiXzY5MTM1NzczMzk3OA==":"s{\"key\":\"list_service__All2_tb_691357733978\",\"value\":\"\",\"exp\":1694282077835}","bGlzdF9zZXJ2aWNlX19BbGwyX3RiXzY5Mjc2ODcyOTI1Nw==":"s{\"key\":\"list_service__All2_tb_692768729257\",\"value\":\"\",\"exp\":1694117901830}","bGlzdF9zZXJ2aWNlX19BbGwyX3RiXzY5Mzc4MjMwNjEyMg==":"s{\"key\":\"list_service__All2_tb_693782306122\",\"value\":\"\",\"exp\":1694282072890}","bGlzdF9zZXJ2aWNlX19BbGwyX3RiXzY5NDE4NjE4ODM4NA==":"s{\"key\":\"list_service__All2_tb_694186188384\",\"value\":\"\",\"exp\":1694117905542}","bGlzdF9zZXJ2aWNlX19BbGwyX3RiXzY5NTE5NDEwNDkyNQ==":"s{\"key\":\"list_service__All2_tb_695194104925\",\"value\":\"\",\"exp\":1694282073155}","bGlzdF9zZXJ2aWNlX19BbGwyX3RiXzY5NjIzODc4NzAwNg==":"s{\"key\":\"list_service__All2_tb_696238787006\",\"value\":\"\",\"exp\":1694287263697}","bGlzdF9zZXJ2aWNlX19BbGwyX3RiXzY5NjQxNzA1OTI2OA==":"s{\"key\":\"list_service__All2_tb_696417059268\",\"value\":\"\",\"exp\":1694281982147}","bGlzdF9zZXJ2aWNlX19BbGwyX3RiXzY5NjQyODM0MDk2Mg==":"s{\"key\":\"list_service__All2_tb_696428340962\",\"value\":\"\",\"exp\":1694281982350}","bGlzdF9zZXJ2aWNlX19BbGwyX3RiXzY5NjUwNDg3ODczNQ==":"s{\"key\":\"list_service__All2_tb_696504878735\",\"value\":\"\",\"exp\":1694117902778}","bGlzdF9zZXJ2aWNlX19BbGwyX3RiXzY5NjkyNDQyNzcwNQ==":"s{\"key\":\"list_service__All2_tb_696924427705\",\"value\":\"\",\"exp\":1694287261702}","bGlzdF9zZXJ2aWNlX19BbGwyX3RiXzY5NzcxNDk0NjAzNw==":"s{\"key\":\"list_service__All2_tb_697714946037\",\"value\":\"\",\"exp\":1694282074971}","bGlzdF9zZXJ2aWNlX19BbGwyX3RiXzY5ODg1NzI2OTMyOA==":"s{\"key\":\"list_service__All2_tb_698857269328\",\"value\":\"\",\"exp\":1694287257704}","bGlzdF9zZXJ2aWNlX19BbGwyX3RiXzY5OTA5NDkwMjcwMQ==":"s{\"key\":\"list_service__All2_tb_699094902701\",\"value\":\"\",\"exp\":1694287258763}","bGlzdF9zZXJ2aWNlX19BbGwyX3RiXzYwMTQwMjMzNDcwOQ==":"s{\"key\":\"list_service__All2_tb_601402334709\",\"value\":\"\",\"exp\":1694287258729}","bGlzdF9zZXJ2aWNlX19BbGwyX3RiXzYwMTU0NzE2NDQxNw==":"s{\"key\":\"list_service__All2_tb_601547164417\",\"value\":\"\",\"exp\":1694287258761}","bGlzdF9zZXJ2aWNlX19BbGwyX3RiXzYwMzY0MjM2OTM0NQ==":"s{\"key\":\"list_service__All2_tb_603642369345\",\"value\":\"\",\"exp\":1694117007763}","bGlzdF9zZXJ2aWNlX19BbGwyX3RiXzYwNjYzOTM1OTYzNw==":"s{\"key\":\"list_service__All2_tb_606639359637\",\"value\":\"\",\"exp\":1694282074272}","bGlzdF9zZXJ2aWNlX19BbGwyX3RiXzYwODU0Njk0OTcwMg==":"s{\"key\":\"list_service__All2_tb_608546949702\",\"value\":\"\",\"exp\":1694287255955}","bGlzdF9zZXJ2aWNlX19BbGwyX3RiXzYwODUxNTQwMjY5MQ==":"s{\"key\":\"list_service__All2_tb_608515402691\",\"value\":\"\",\"exp\":1694117007756}","bGlzdF9zZXJ2aWNlX19BbGwyX3RiXzYwOTYyODUyMzk0Nw==":"s{\"key\":\"list_service__All2_tb_609628523947\",\"value\":\"\",\"exp\":1694281984855}","bGlzdF9zZXJ2aWNlX19BbGwyX3RiXzYwOTg2NTg3Mzk5NQ==":"s{\"key\":\"list_service__All2_tb_609865873995\",\"value\":\"\",\"exp\":1694285041708}","bGlzdF9zZXJ2aWNlX19BbGwyX3RiXzYxMDc3OTM3ODA3OA==":"s{\"key\":\"list_service__All2_tb_610779378078\",\"value\":\"\",\"exp\":1694117011767}","bGlzdF9zZXJ2aWNlX19BbGwyX3RiXzYxMDk5NjUzODI3MA==":"s{\"key\":\"list_service__All2_tb_610996538270\",\"value\":\"\",\"exp\":1694282077846}","bGlzdF9zZXJ2aWNlX19BbGwyX3RiXzYxNjE0MTA1Mjk1OQ==":"s{\"key\":\"list_service__All2_tb_616141052959\",\"value\":\"\",\"exp\":1694287258706}","bGlzdF9zZXJ2aWNlX19BbGwyX3RiXzYxNzY3MDg3MzEwMA==":"s{\"key\":\"list_service__All2_tb_617670873100\",\"value\":\"\",\"exp\":1694117011765}","bGlzdF9zZXJ2aWNlX19BbGwyX3RiXzYxODcxNTYxNjg1Nw==":"s{\"key\":\"list_service__All2_tb_618715616857\",\"value\":\"\",\"exp\":1694281983298}","bGlzdF9zZXJ2aWNlX19BbGwyX3RiXzYxOTcwNjg3OTg5Nw==":"s{\"key\":\"list_service__All2_tb_619706879897\",\"value\":\"\",\"exp\":1694287261700}","bGlzdF9zZXJ2aWNlX19BbGwyX3RiXzYyMjQ3ODQxMzE3OA==":"s{\"key\":\"list_service__All2_tb_622478413178\",\"value\":\"\",\"exp\":1694117005759}","bGlzdF9zZXJ2aWNlX19BbGwyX3RiXzYyMjczNDMxMjg5OQ==":"s{\"key\":\"list_service__All2_tb_622734312899\",\"value\":\"\",\"exp\":1694117007758}","bGlzdF9zZXJ2aWNlX19BbGwyX3RiXzYyMjkyODM4ODQ1Mw==":"s{\"key\":\"list_service__All2_tb_622928388453\",\"value\":\"\",\"exp\":1694282078951}","bGlzdF9zZXJ2aWNlX19BbGwyX3RiXzYyMjkzNTM2MjY0OQ==":"s{\"key\":\"list_service__All2_tb_622935362649\",\"value\":\"\",\"exp\":1694281982368}","bGlzdF9zZXJ2aWNlX19BbGwyX3RiXzYyNDIzNTAyODk0NA==":"s{\"key\":\"list_service__All2_tb_624235028944\",\"value\":\"\",\"exp\":1694287258720}","bGlzdF9zZXJ2aWNlX19BbGwyX3RiXzYyNDY5MzU1MDY2NA==":"s{\"key\":\"list_service__All2_tb_624693550664\",\"value\":\"\",\"exp\":1694117005758}","bGlzdF9zZXJ2aWNlX19BbGwyX3RiXzYyNDcyMzA3OTczNA==":"s{\"key\":\"list_service__All2_tb_624723079734\",\"value\":\"\",\"exp\":1694287258772}","bGlzdF9zZXJ2aWNlX19BbGwyX3RiXzYyNTAyOTQ0NjAwNw==":"s{\"key\":\"list_service__All2_tb_625029446007\",\"value\":\"\",\"exp\":1694287263714}","bGlzdF9zZXJ2aWNlX19BbGwyX3RiXzYyNTY1MTI1MTg4OQ==":"s{\"key\":\"list_service__All2_tb_625651251889\",\"value\":\"\",\"exp\":1694287262707}","bGlzdF9zZXJ2aWNlX19BbGwyX3RiXzYyNjIxMTc4MzA2OQ==":"s{\"key\":\"list_service__All2_tb_626211783069\",\"value\":\"\",\"exp\":1694287263717}","bGlzdF9zZXJ2aWNlX19BbGwyX3RiXzYyNjUwMzcxNjA0OQ==":"s{\"key\":\"list_service__All2_tb_626503716049\",\"value\":\"\",\"exp\":1694287257714}","bGlzdF9zZXJ2aWNlX19BbGwyX3RiXzYzMTUyNjk4NDgyNA==":"s{\"key\":\"list_service__All2_tb_631526984824\",\"value\":\"\",\"exp\":1694117011764}","bGlzdF9zZXJ2aWNlX19BbGwyX3RiXzYzMTg3MzczMjg4OQ==":"s{\"key\":\"list_service__All2_tb_631873732889\",\"value\":\"\",\"exp\":1694117902986}","bGlzdF9zZXJ2aWNlX19BbGwyX3RiXzYzMjkxMjg1NTQyNQ==":"s{\"key\":\"list_service__All2_tb_632912855425\",\"value\":\"\",\"exp\":1694284954519}","bGlzdF9zZXJ2aWNlX19BbGwyX3RiXzYzMzQ4NDg5ODM5Mg==":"s{\"key\":\"list_service__All2_tb_633484898392\",\"value\":\"\",\"exp\":1694284956678}","bGlzdF9zZXJ2aWNlX19BbGwyX3RiXzYzNDY1OTI1NDA2MA==":"s{\"key\":\"list_service__All2_tb_634659254060\",\"value\":\"\",\"exp\":1694117007758}","bGlzdF9zZXJ2aWNlX19BbGwyX3RiXzYzNTA1MDQ2MTEwNw==":"s{\"key\":\"list_service__All2_tb_635050461107\",\"value\":\"\",\"exp\":1694117005758}","bGlzdF9zZXJ2aWNlX19BbGwyX3RiXzYzNTU4OTMwNjM1Nw==":"s{\"key\":\"list_service__All2_tb_635589306357\",\"value\":\"\",\"exp\":1694287263701}","bGlzdF9zZXJ2aWNlX19BbGwyX3RiXzYzNjQ3Mzk0NDUyMA==":"s{\"key\":\"list_service__All2_tb_636473944520\",\"value\":\"\",\"exp\":1694117907582}","bGlzdF9zZXJ2aWNlX19BbGwyX3RiXzYzNzI5NjI5NjUxOA==":"s{\"key\":\"list_service__All2_tb_637296296518\",\"value\":\"\",\"exp\":1694285043746}","bGlzdF9zZXJ2aWNlX19BbGwyX3RiXzYzODI4OTY5MTQ0NQ==":"s{\"key\":\"list_service__All2_tb_638289691445\",\"value\":\"\",\"exp\":1694281982249}","bGlzdF9zZXJ2aWNlX19BbGwyX3RiXzcwMTQ0NzYxMjg3OQ==":"s{\"key\":\"list_service__All2_tb_701447612879\",\"value\":\"\",\"exp\":1694287255946}","bGlzdF9zZXJ2aWNlX19BbGwyX3RiXzcwMjQ4ODAyODg2Mg==":"s{\"key\":\"list_service__All2_tb_702488028862\",\"value\":\"\",\"exp\":1694117901973}","bGlzdF9zZXJ2aWNlX19BbGwyX3RiXzcwMzA1MzAzNTIxNw==":"s{\"key\":\"list_service__All2_tb_703053035217\",\"value\":\"\",\"exp\":1694287258768}","bGlzdF9zZXJ2aWNlX19BbGwyX3RiXzcwMzI2NzIyNDg5Ng==":"s{\"key\":\"list_service__All2_tb_703267224896\",\"value\":\"\",\"exp\":1694281981472}","bGlzdF9zZXJ2aWNlX19BbGwyX3RiXzcwNDMwNDU1NjU3MA==":"s{\"key\":\"list_service__All2_tb_704304556570\",\"value\":\"\",\"exp\":1694282080854}","bGlzdF9zZXJ2aWNlX19BbGwyX3RiXzcwNTI1OTMyMzQ1Mg==":"s{\"key\":\"list_service__All2_tb_705259323452\",\"value\":\"\",\"exp\":1694285047733}","bGlzdF9zZXJ2aWNlX19BbGwyX3RiXzcwNTYxMTI3MTIzMg==":"s{\"key\":\"list_service__All2_tb_705611271232\",\"value\":\"\",\"exp\":1694117900908}","bGlzdF9zZXJ2aWNlX19BbGwyX3RiXzcwNjEyMzIwNjA5MA==":"s{\"key\":\"list_service__All2_tb_706123206090\",\"value\":\"\",\"exp\":1694117907544}","bGlzdF9zZXJ2aWNlX19BbGwyX3RiXzcwNzMwMzY5MTExNw==":"s{\"key\":\"list_service__All2_tb_707303691117\",\"value\":\"\",\"exp\":1694287258758}","bGlzdF9zZXJ2aWNlX19BbGwyX3RiXzcwNzQ0MjQ4Nzc2Mw==":"s{\"key\":\"list_service__All2_tb_707442487763\",\"value\":\"\",\"exp\":1694117900905}","bGlzdF9zZXJ2aWNlX19BbGwyX3RiXzcwNzQ1NTYwNDYxMQ==":"s{\"key\":\"list_service__All2_tb_707455604611\",\"value\":\"\",\"exp\":1694282074033}","bGlzdF9zZXJ2aWNlX19BbGwyX3RiXzcwNzU1MTU5MjU4Ng==":"s{\"key\":\"list_service__All2_tb_707551592586\",\"value\":\"\",\"exp\":1694285047740}","bGlzdF9zZXJ2aWNlX19BbGwyX3RiXzcwNzUwNTEyMTcxNg==":"s{\"key\":\"list_service__All2_tb_707505121716\",\"value\":\"\",\"exp\":1694287258718}","bGlzdF9zZXJ2aWNlX19BbGwyX3RiXzcwNzcyMDIzNDUxNw==":"s{\"key\":\"list_service__All2_tb_707720234517\",\"value\":\"\",\"exp\":1694287262709}","bGlzdF9zZXJ2aWNlX19BbGwyX3RiXzcwODA4MDM1MzMyMA==":"s{\"key\":\"list_service__All2_tb_708080353320\",\"value\":\"\",\"exp\":1694287258765}","bGlzdF9zZXJ2aWNlX19BbGwyX3RiXzcwODAwNDA5NTQ4OA==":"s{\"key\":\"list_service__All2_tb_708004095488\",\"value\":\"\",\"exp\":1694117907582}","bGlzdF9zZXJ2aWNlX19BbGwyX3RiXzcwODczNTE2NjkwNg==":"s{\"key\":\"list_service__All2_tb_708735166906\",\"value\":\"\",\"exp\":1694285048711}","bGlzdF9zZXJ2aWNlX19BbGwyX3RiXzcwOTM2MzkxNzY1Ng==":"s{\"key\":\"list_service__All2_tb_709363917656\",\"value\":\"\",\"exp\":1694117905527}","bGlzdF9zZXJ2aWNlX19BbGwyX3RiXzcwOTM3NTI4NzIwNQ==":"s{\"key\":\"list_service__All2_tb_709375287205\",\"value\":\"\",\"exp\":1694117902979}","bGlzdF9zZXJ2aWNlX19BbGwyX3RiXzcwOTUyMDgzMzE2MA==":"s{\"key\":\"list_service__All2_tb_709520833160\",\"value\":\"\",\"exp\":1694287258770}","bGlzdF9zZXJ2aWNlX19BbGwyX3RiXzcwOTY5OTYyNTUxMw==":"s{\"key\":\"list_service__All2_tb_709699625513\",\"value\":\"\",\"exp\":1694287258775}","bGlzdF9zZXJ2aWNlX19BbGwyX3RiXzcwOTkwNzQ3MDUwOQ==":"s{\"key\":\"list_service__All2_tb_709907470509\",\"value\":\"\",\"exp\":1694117904575}","bGlzdF9zZXJ2aWNlX19BbGwyX3RiXzcxMDc5ODU4OTU0MQ==":"s{\"key\":\"list_service__All2_tb_710798589541\",\"value\":\"\",\"exp\":1694117005758}","bGlzdF9zZXJ2aWNlX19BbGwyX3RiXzcxMjA0ODU2Njg5MQ==":"s{\"key\":\"list_service__All2_tb_712048566891\",\"value\":\"\",\"exp\":1694282074254}","bGlzdF9zZXJ2aWNlX19BbGwyX3RiXzcxMjA5OTY0MTMxNw==":"s{\"key\":\"list_service__All2_tb_712099641317\",\"value\":\"\",\"exp\":1694117011767}","bGlzdF9zZXJ2aWNlX19BbGwyX3RiXzcxMjM2Nzg5OTU0Mw==":"s{\"key\":\"list_service__All2_tb_712367899543\",\"value\":\"\",\"exp\":1694117902951}","bGlzdF9zZXJ2aWNlX19BbGwyX3RiXzcxMjMwOTMyMDA4Mg==":"s{\"key\":\"list_service__All2_tb_712309320082\",\"value\":\"\",\"exp\":1694282074927}","bGlzdF9zZXJ2aWNlX19BbGwyX3RiXzcxMjg1MjM1OTg4NA==":"s{\"key\":\"list_service__All2_tb_712852359884\",\"value\":\"\",\"exp\":1694117908558}","bGlzdF9zZXJ2aWNlX19BbGwyX3RiXzcxMjgxODI5NTYxNw==":"s{\"key\":\"list_service__All2_tb_712818295617\",\"value\":\"\",\"exp\":1694287261709}","bGlzdF9zZXJ2aWNlX19BbGwyX3RiXzcxMjgzNjU3NTUzMQ==":"s{\"key\":\"list_service__All2_tb_712836575531\",\"value\":\"\",\"exp\":1694117005760}","bGlzdF9zZXJ2aWNlX19BbGwyX3RiXzcxMzQwODY4MzE3OQ==":"s{\"key\":\"list_service__All2_tb_713408683179\",\"value\":\"\",\"exp\":1694287262705}","bGlzdF9zZXJ2aWNlX19BbGwyX3RiXzcxMzkzOTQ3NDk3NQ==":"s{\"key\":\"list_service__All2_tb_713939474975\",\"value\":\"\",\"exp\":1694117907550}","bGlzdF9zZXJ2aWNlX19BbGwyX3RiXzcxNDc0NjI5ODA5Ng==":"s{\"key\":\"list_service__All2_tb_714746298096\",\"value\":\"\",\"exp\":1694285046709}","bGlzdF9zZXJ2aWNlX19BbGwyX3RiXzcxNDg5NTk1MDc3NQ==":"s{\"key\":\"list_service__All2_tb_714895950775\",\"value\":\"\",\"exp\":1694117902846}","bGlzdF9zZXJ2aWNlX19BbGwyX3RiXzcxNTQ3NTc1NTAzMg==":"s{\"key\":\"list_service__All2_tb_715475755032\",\"value\":\"\",\"exp\":1694117006771}","bGlzdF9zZXJ2aWNlX19BbGwyX3RiXzcxNTcxMDEwNzYwMA==":"s{\"key\":\"list_service__All2_tb_715710107600\",\"value\":\"\",\"exp\":1694117907573}","bGlzdF9zZXJ2aWNlX19BbGwyX3RiXzcxNzU0NDU0ODk5OA==":"s{\"key\":\"list_service__All2_tb_717544548998\",\"value\":\"\",\"exp\":1694282079858}","bGlzdF9zZXJ2aWNlX19BbGwyX3RiXzcxODY1MzE4OTIzMQ==":"s{\"key\":\"list_service__All2_tb_718653189231\",\"value\":\"\",\"exp\":1694117006770}","bGlzdF9zZXJ2aWNlX19BbGwyX3RiXzcxODc0NDAzMTM3OQ==":"s{\"key\":\"list_service__All2_tb_718744031379\",\"value\":\"\",\"exp\":1694282077846}","bGlzdF9zZXJ2aWNlX19BbGwyX3RiXzcxODk4NDM3NDg5Mw==":"s{\"key\":\"list_service__All2_tb_718984374893\",\"value\":\"\",\"exp\":1694117905527}","bGlzdF9zZXJ2aWNlX19BbGwyX3RiXzcxOTA0MzgxMDg5OQ==":"s{\"key\":\"list_service__All2_tb_719043810899\",\"value\":\"\",\"exp\":1694117902822}","bGlzdF9zZXJ2aWNlX19BbGwyX3RiXzcxOTE1NTY4NzQ4NA==":"s{\"key\":\"list_service__All2_tb_719155687484\",\"value\":\"\",\"exp\":1694117901981}","bGlzdF9zZXJ2aWNlX19BbGwyX3RiXzcxOTE3NzI2ODE1NA==":"s{\"key\":\"list_service__All2_tb_719177268154\",\"value\":\"\",\"exp\":1694287258727}","bGlzdF9zZXJ2aWNlX19BbGwyX3RiXzcxOTgxOTM5Mjg0OA==":"s{\"key\":\"list_service__All2_tb_719819392848\",\"value\":\"\",\"exp\":1694281982172}","bGlzdF9zZXJ2aWNlX19BbGwyX3RiXzcyMDE1MzMyOTA5OA==":"s{\"key\":\"list_service__All2_tb_720153329098\",\"value\":\"\",\"exp\":1694117007760}","bGlzdF9zZXJ2aWNlX19BbGwyX3RiXzcyMTE2NDU2ODcyOA==":"s{\"key\":\"list_service__All2_tb_721164568728\",\"value\":\"\",\"exp\":1694282074043}","bGlzdF9zZXJ2aWNlX19BbGwyX3RiXzcyMTIwNjI4OTA4NQ==":"s{\"key\":\"list_service__All2_tb_721206289085\",\"value\":\"\",\"exp\":1694287258766}","bGlzdF9zZXJ2aWNlX19BbGwyX3RiXzcyMjkwNDExNTM4Mg==":"s{\"key\":\"list_service__All2_tb_722904115382\",\"value\":\"\",\"exp\":1694117902987}","bGlzdF9zZXJ2aWNlX19BbGwyX3RiXzcyMzMwMjI2MDM5Nw==":"s{\"key\":\"list_service__All2_tb_723302260397\",\"value\":\"\",\"exp\":1694282079851}","bGlzdF9zZXJ2aWNlX19BbGwyX3RiXzcyMzY4NTk0Nzg1Mw==":"s{\"key\":\"list_service__All2_tb_723685947853\",\"value\":\"\",\"exp\":1694285048718}","bGlzdF9zZXJ2aWNlX19BbGwyX3RiXzcyNDM0NDQyNjQzOA==":"s{\"key\":\"list_service__All2_tb_724344426438\",\"value\":\"\",\"exp\":1694282078938}","bGlzdF9zZXJ2aWNlX19BbGwyX3RiXzcyNDQ1ODU1MzAwNg==":"s{\"key\":\"list_service__All2_tb_724458553006\",\"value\":\"\",\"exp\":1694287258724}","bGlzdF9zZXJ2aWNlX19BbGwyX3RiXzcyNDQwMTg4NjIwNw==":"s{\"key\":\"list_service__All2_tb_724401886207\",\"value\":\"\",\"exp\":1694117005768}","bGlzdF9zZXJ2aWNlX19BbGwyX3RiXzcyNDU5MDgzNjg0OQ==":"s{\"key\":\"list_service__All2_tb_724590836849\",\"value\":\"\",\"exp\":1694287260738}","bGlzdF9zZXJ2aWNlX19BbGwyX3RiXzcyNDUyODExMDc2OQ==":"s{\"key\":\"list_service__All2_tb_724528110769\",\"value\":\"\",\"exp\":1694282074041}","bGlzdF9zZXJ2aWNlX19BbGwyX3RiXzcyNjA0MDYzODUyNA==":"s{\"key\":\"list_service__All2_tb_726040638524\",\"value\":\"\",\"exp\":1694117007759}","bGlzdF9zZXJ2aWNlX19BbGwyX3RiXzcyNjQyMTM2ODQ3OA==":"s{\"key\":\"list_service__All2_tb_726421368478\",\"value\":\"\",\"exp\":1694282074019}","bGlzdF9zZXJ2aWNlX19BbGwyX3RiXzcyNjQyMTU4MTAzNQ==":"s{\"key\":\"list_service__All2_tb_726421581035\",\"value\":\"\",\"exp\":1694117901981}","bGlzdF9zZXJ2aWNlX19BbGwyX3RiXzcyNjc5MDI3NzY0NA==":"s{\"key\":\"list_service__All2_tb_726790277644\",\"value\":\"\",\"exp\":1694282074974}","bGlzdF9zZXJ2aWNlX19BbGwyX3RiXzcyNzIyNTE4NDA4OA==":"s{\"key\":\"list_service__All2_tb_727225184088\",\"value\":\"\",\"exp\":1694117011768}","bGlzdF9zZXJ2aWNlX19BbGwyX3RiXzcyNzU0NzkzMjMwMg==":"s{\"key\":\"list_service__All2_tb_727547932302\",\"value\":\"\",\"exp\":1694285046699}","bGlzdF9zZXJ2aWNlX19BbGwyX3RiXzcyNzc2NjE2OTA1MA==":"s{\"key\":\"list_service__All2_tb_727766169050\",\"value\":\"\",\"exp\":1694117907600}","bGlzdF9zZXJ2aWNlX19BbGwyX3RiXzcyNzcxNDczOTI5MA==":"s{\"key\":\"list_service__All2_tb_727714739290\",\"value\":\"\",\"exp\":1694282075119}","bGlzdF9zZXJ2aWNlX19BbGwyX3RiXzcyNzg0Mzk4Mjc2Nw==":"s{\"key\":\"list_service__All2_tb_727843982767\",\"value\":\"\",\"exp\":1694281985871}","bGlzdF9zZXJ2aWNlX19BbGwyX3RiXzcyNzg0NTc0MjY0MQ==":"s{\"key\":\"list_service__All2_tb_727845742641\",\"value\":\"\",\"exp\":1694117006773}","bGlzdF9zZXJ2aWNlX19BbGwyX3RiXzcyNzk0NzQ3MTAyNg==":"s{\"key\":\"list_service__All2_tb_727947471026\",\"value\":\"\",\"exp\":1694117006770}","bGlzdF9zZXJ2aWNlX19BbGwyX3RiXzcyODA1NDc5MzM3Nw==":"s{\"key\":\"list_service__All2_tb_728054793377\",\"value\":\"\",\"exp\":1694117012761}","bGlzdF9zZXJ2aWNlX19BbGwyX3RiXzcyODAxNjM5OTQwNw==":"s{\"key\":\"list_service__All2_tb_728016399407\",\"value\":\"\",\"exp\":1694117006769}","bGlzdF9zZXJ2aWNlX19BbGwyX3RiXzcyODIxMzEwMjU3OQ==":"s{\"key\":\"list_service__All2_tb_728213102579\",\"value\":\"\",\"exp\":1694282073940}","bGlzdF9zZXJ2aWNlX19BbGwyX3RiXzcyODY0ODEwMzY1MA==":"s{\"key\":\"list_service__All2_tb_728648103650\",\"value\":\"\",\"exp\":1694117902978}","bGlzdF9zZXJ2aWNlX19BbGwyX3RiXzcyOTczNjgzMDc2OQ==":"s{\"key\":\"list_service__All2_tb_729736830769\",\"value\":\"\",\"exp\":1694281983214}","bGlzdF9zZXJ2aWNlX19BbGwyX3RiXzczMDI4OTc2MDUwMg==":"s{\"key\":\"list_service__All2_tb_730289760502\",\"value\":\"\",\"exp\":1694117908542}","bGlzdF9zZXJ2aWNlX19BbGwyX3RiXzczMDQ5MTMxMzQyOA==":"s{\"key\":\"list_service__All2_tb_730491313428\",\"value\":\"\",\"exp\":1694282072938}","bGlzdF9zZXJ2aWNlX19BbGwyX3RiXzczMDc5NDIyNTM0MA==":"s{\"key\":\"list_service__All2_tb_730794225340\",\"value\":\"\",\"exp\":1694282074985}","bGlzdF9zZXJ2aWNlX19BbGwyX3RiXzczMDcyOTA0MTcxOA==":"s{\"key\":\"list_service__All2_tb_730729041718\",\"value\":\"\",\"exp\":1694117012763}","bGlzdF9zZXJ2aWNlX19BbGwyX3RiXzczMDkyMjcwMTY4NQ==":"s{\"key\":\"list_service__All2_tb_730922701685\",\"value\":\"\",\"exp\":1694285041706}","bGlzdF9zZXJ2aWNlX19BbGwyX3RiXzczMTkyNTQ1NTQ1Nw==":"s{\"key\":\"list_service__All2_tb_731925455457\",\"value\":\"\",\"exp\":1694282078857}","bGlzdF9zZXJ2aWNlX19BbGwyX3RiXzczMjE5NTk2NzMxNQ==":"s{\"key\":\"list_service__All2_tb_732195967315\",\"value\":\"\",\"exp\":1694282075210}","bGlzdF9zZXJ2aWNlX19BbGwyX3RiXzczMjU3NTUwNTY5Nw==":"s{\"key\":\"list_service__All2_tb_732575505697\",\"value\":\"\",\"exp\":1694287255952}","bGlzdF9zZXJ2aWNlX19BbGwyX3RiXzczMjcyMzk1NDYwNA==":"s{\"key\":\"list_service__All2_tb_732723954604\",\"value\":\"\",\"exp\":1694287258780}","bGlzdF9zZXJ2aWNlX19BbGwyX3RiXzczMjg0NjEzMDMyNQ==":"s{\"key\":\"list_service__All2_tb_732846130325\",\"value\":\"\",\"exp\":1694282074037}","bGlzdF9zZXJ2aWNlX19BbGwyX3RiXzczMzM3MTcxOTEyMw==":"s{\"key\":\"list_service__All2_tb_733371719123\",\"value\":\"\",\"exp\":1694117005761}","bGlzdF9zZXJ2aWNlX19BbGwyX3RiXzczMzY4ODExNDk3OQ==":"s{\"key\":\"list_service__All2_tb_733688114979\",\"value\":\"\",\"exp\":1694287255957}","bGlzdF9zZXJ2aWNlX19BbGwyX3RiXzczMzgyMjMxNDU1Nw==":"s{\"key\":\"list_service__All2_tb_733822314557\",\"value\":\"\",\"exp\":1694282078849}","bGlzdF9zZXJ2aWNlX19BbGwyX3RiXzczNDE3MTg5MjY0OA==":"s{\"key\":\"list_service__All2_tb_734171892648\",\"value\":\"\",\"exp\":1694117901973}","bGlzdF9zZXJ2aWNlX19BbGwyX3RiXzczNDEzMjM1NzMyNA==":"s{\"key\":\"list_service__All2_tb_734132357324\",\"value\":\"\",\"exp\":1694117005767}","bGlzdF9zZXJ2aWNlX19BbGwyX3RiXzczNDIwMzQzODY3Ng==":"s{\"key\":\"list_service__All2_tb_734203438676\",\"value\":\"\",\"exp\":1694117011766}","bGlzdF9zZXJ2aWNlX19BbGwyX3RiXzczNDIyNzQ3MjMyOA==":"s{\"key\":\"list_service__All2_tb_734227472328\",\"value\":\"\",\"exp\":1694282072940}","bGlzdF9zZXJ2aWNlX19BbGwyX3RiXzczNDIyOTcwODIzMg==":"s{\"key\":\"list_service__All2_tb_734229708232\",\"value\":\"\",\"exp\":1694282078923}","bGlzdF9zZXJ2aWNlX19BbGwyX3RiXzczNDU2NjQ1MTY5Nw==":"s{\"key\":\"list_service__All2_tb_734566451697\",\"value\":\"\",\"exp\":1694117901799}","bGlzdF9zZXJ2aWNlX19BbGwyX3RiXzczNTA0OTM4ODA4NQ==":"s{\"key\":\"list_service__All2_tb_735049388085\",\"value\":\"\",\"exp\":1694117906624}","bGlzdF9zZXJ2aWNlX19BbGwyX3RiXzczNTE2MTkzNjAzMQ==":"s{\"key\":\"list_service__All2_tb_735161936031\",\"value\":\"\",\"exp\":1694287261698}","bGlzdF9zZXJ2aWNlX19BbGwyX3RiXzczNTMwOTE2NzI1Mw==":"s{\"key\":\"list_service__All2_tb_735309167253\",\"value\":\"\",\"exp\":1694287255982}","bGlzdF9zZXJ2aWNlX19BbGwyX3RiXzczNTUwMTU0NDQ4Nw==":"s{\"key\":\"list_service__All2_tb_735501544487\",\"value\":\"\",\"exp\":1694282073913}","bGlzdF9zZXJ2aWNlX19BbGwyX3RiXzczNTcxODM5Mzc2NQ==":"s{\"key\":\"list_service__All2_tb_735718393765\",\"value\":\"\",\"exp\":1694117901846}","bGlzdF9zZXJ2aWNlX19BbGwyX3RiXzczNTczNjk5Mzc4Mg==":"s{\"key\":\"list_service__All2_tb_735736993782\",\"value\":\"\",\"exp\":1694282074033}","bGlzdF9zZXJ2aWNlX19BbGwyX3RiXzczNjAwNTExNDU1Mw==":"s{\"key\":\"list_service__All2_tb_736005114553\",\"value\":\"\",\"exp\":1694117011766}","bGlzdF9zZXJ2aWNlX19BbGwyX3RiXzczNjAxNzA1MDM0NQ==":"s{\"key\":\"list_service__All2_tb_736017050345\",\"value\":\"\",\"exp\":1694282074910}","bGlzdF9zZXJ2aWNlX19BbGwyX3RiXzczNjE0NTQ3NTAxNg==":"s{\"key\":\"list_service__All2_tb_736145475016\",\"value\":\"\",\"exp\":1694117011764}","bGlzdF9zZXJ2aWNlX19BbGwyX3RiXzczNjIwMTY3NjUyMw==":"s{\"key\":\"list_service__All2_tb_736201676523\",\"value\":\"\",\"exp\":1694282079890}","bGlzdF9zZXJ2aWNlX19BbGwyX3RiXzczNjM1MTQ0MTIzMg==":"s{\"key\":\"list_service__All2_tb_736351441232\",\"value\":\"\",\"exp\":1694285047713}","bGlzdF9zZXJ2aWNlX19BbGwyX3RiXzczNjYyMjgzMDEwNw==":"s{\"key\":\"list_service__All2_tb_736622830107\",\"value\":\"\",\"exp\":1694287257693}","bGlzdF9zZXJ2aWNlX19BbGwyX3RiXzczNjYyNzc4ODI2MQ==":"s{\"key\":\"list_service__All2_tb_736627788261\",\"value\":\"\",\"exp\":1694117900909}","bGlzdF9zZXJ2aWNlX19BbGwyX3RiXzczNjc2MTQ0NjAzMw==":"s{\"key\":\"list_service__All2_tb_736761446033\",\"value\":\"\",\"exp\":1694287262696}","bGlzdF9zZXJ2aWNlX19BbGwyX3RiXzczNjg1MjU0NjU1OQ==":"s{\"key\":\"list_service__All2_tb_736852546559\",\"value\":\"\",\"exp\":1694284955529}","bGlzdF9zZXJ2aWNlX19BbGwyX3RiXzczNjk1OTE3NTUyOA==":"s{\"key\":\"list_service__All2_tb_736959175528\",\"value\":\"\",\"exp\":1694117901960}","bGlzdF9zZXJ2aWNlX19BbGwyX3RiXzczNzIwMDkyMzc3MA==":"s{\"key\":\"list_service__All2_tb_737200923770\",\"value\":\"\",\"exp\":1694282079890}","bl9pdGVtSWRfMjU0NDYxODgzNjM=":"s{\"key\":\"n_itemId_25446188363\",\"value\":[],\"exp\":1694282122343}","bl9pdGVtSWRfMzk2NjIzOTg1Mjc=":"s{\"key\":\"n_itemId_39662398527\",\"value\":[{\"after_price\":19.9,\"before_price\":\"21.9\",\"quan_price\":\"2\",\"quan_context\":\"2元\",\"quan_time\":\"2023-09-10 14:29:22\",\"expired\":false,\"now\":14,\"source_link\":\"https://uland.taobao.com/coupon/edetail?activityId=12e2350207ce491fbdefc30648abff4a&itemId=39662398527\",\"quan_link\":\"https://ss.huizhek.com/?nc=HibnHh&t=aHR0cHMlM0ElMkYlMkZ1bGFuZC50YW9iYW8uY29tJTJGY291cG9uJTJGZWRldGFpbCUzRmFjdGl2aXR5SWQlM0QxMmUyMzUwMjA3Y2U0OTFmYmRlZmMzMDY0OGFiZmY0YSUyNml0ZW1JZCUzRDM5NjYyMzk4NTI3\"}],\"exp\":1694284168716}","bl9pdGVtSWRfNjEyMjI1ODMzMzc1":"s{\"key\":\"n_itemId_612225833375\",\"value\":[],\"exp\":1694282992046}","bl9pdGVtSWRfNjI0MjM1MDI4OTQ0":"s{\"key\":\"n_itemId_624235028944\",\"value\":[],\"exp\":1694284996235}","bl9pdGVtSWRfNjQzNDQ1MjIwMDA4":"s{\"key\":\"n_itemId_643445220008\",\"value\":[{\"after_price\":16.8,\"before_price\":\"18.8\",\"quan_price\":\"2\",\"quan_context\":\"2元\",\"quan_time\":\"2023-09-10 13:53:35\",\"expired\":false,\"now\":13,\"source_link\":\"https://uland.taobao.com/coupon/edetail?activityId=7f50faf0391142d2b208e0579734dc4e&itemId=643445220008\",\"quan_link\":\"https://ss.huizhek.com/?nc=bklEzjO&t=aHR0cHMlM0ElMkYlMkZ1bGFuZC50YW9iYW8uY29tJTJGY291cG9uJTJGZWRldGFpbCUzRmFjdGl2aXR5SWQlM0Q3ZjUwZmFmMDM5MTE0MmQyYjIwOGUwNTc5NzM0ZGM0ZSUyNml0ZW1JZCUzRDY0MzQ0NTIyMDAwOA==\"}],\"exp\":1694282021434}","bl9pdGVtSWRfNjU5NDU5ODI1MzY3":"s{\"key\":\"n_itemId_659459825367\",\"value\":[{\"after_price\":32,\"before_price\":\"35\",\"quan_price\":\"3\",\"quan_context\":\"3元\",\"quan_time\":\"2023-09-10 14:37:53\",\"expired\":false,\"now\":14,\"source_link\":\"https://uland.taobao.com/coupon/edetail?activityId=bf223ec4090d49329012618bb2eccb63&itemId=659459825367\",\"quan_link\":\"https://ss.huizhek.com/?nc=bBPsdKf&t=aHR0cHMlM0ElMkYlMkZ1bGFuZC50YW9iYW8uY29tJTJGY291cG9uJTJGZWRldGFpbCUzRmFjdGl2aXR5SWQlM0RiZjIyM2VjNDA5MGQ0OTMyOTAxMjYxOGJiMmVjY2I2MyUyNml0ZW1JZCUzRDY1OTQ1OTgyNTM2Nw==\"}],\"exp\":1694284679701}","bl9pdGVtSWRfNjY2NTEwMjc4NTEw":"s{\"key\":\"n_itemId_666510278510\",\"value\":[],\"exp\":1694282558252}","bl9pdGVtSWRfNjY4MjE2NTU3MTMx":"s{\"key\":\"n_itemId_668216557131\",\"value\":[],\"exp\":1694713956428}","bl9pdGVtSWRfNjkyOTcyMzI5MTg3":"s{\"key\":\"n_itemId_692972329187\",\"value\":[{\"after_price\":738,\"before_price\":\"746\",\"quan_price\":\"8\",\"quan_context\":\"8元\",\"quan_time\":\"2023-09-10 10:49:10\",\"expired\":false,\"now\":10,\"source_link\":\"https://uland.taobao.com/coupon/edetail?activityId=86c9ce70dab94656aa7e55273e7043b4&itemId=692972329187\",\"quan_link\":\"https://ss.huizhek.com/?nc=ccprgTp&t=aHR0cHMlM0ElMkYlMkZ1bGFuZC50YW9iYW8uY29tJTJGY291cG9uJTJGZWRldGFpbCUzRmFjdGl2aXR5SWQlM0Q4NmM5Y2U3MGRhYjk0NjU2YWE3ZTU1MjczZTcwNDNiNCUyNml0ZW1JZCUzRDY5Mjk3MjMyOTE4Nw==\"}],\"exp\":1694270957281}","bl9pdGVtSWRfNjkzNzgyMzA2MTIy":"s{\"key\":\"n_itemId_693782306122\",\"value\":[],\"exp\":1694282272794}","bl9pdGVtSWRfNzE5MTc3MjY4MTU0":"s{\"key\":\"n_itemId_719177268154\",\"value\":[],\"exp\":1694285057306}","dGRfc182MTIyMjU4MzMzNzU=":"s{\"key\":\"td_s_612225833375\",\"value\":{\"status\":true,\"code\":1,\"message\":\"哎哟不错哦\",\"cache\":false,\"data\":[]},\"exp\":1694282991956}","dGRfc182MjQyMzUwMjg5NDQ=":"s{\"key\":\"td_s_624235028944\",\"value\":{\"status\":true,\"code\":1,\"message\":\"哎哟不错哦\",\"cache\":false,\"data\":[]},\"exp\":1694284996250}","dGRfc182NDM0NDUyMjAwMDg=":"s{\"key\":\"td_s_643445220008\",\"value\":{\"status\":true,\"code\":1,\"message\":\"哎哟不错哦\",\"cache\":false,\"data\":[{\"after_price\":16.8,\"before_price\":\"18.8\",\"quan_price\":\"2\",\"quan_context\":\"2元\",\"quan_time\":\"2023-09-10 13:53:35\",\"expired\":false,\"now\":13,\"source_link\":\"https://uland.taobao.com/coupon/edetail?activityId=7f50faf0391142d2b208e0579734dc4e&itemId=643445220008\",\"quan_link\":\"https://ss.huizhek.com/?nc=bklEzjO&t=aHR0cHMlM0ElMkYlMkZ1bGFuZC50YW9iYW8uY29tJTJGY291cG9uJTJGZWRldGFpbCUzRmFjdGl2aXR5SWQlM0Q3ZjUwZmFmMDM5MTE0MmQyYjIwOGUwNTc5NzM0ZGM0ZSUyNml0ZW1JZCUzRDY0MzQ0NTIyMDAwOA==\"}]},\"exp\":1694282021469}","dGRfc182NTk0NTk4MjUzNjc=":"s{\"key\":\"td_s_659459825367\",\"value\":{\"status\":true,\"code\":1,\"message\":\"哎哟不错哦\",\"cache\":false,\"data\":[{\"after_price\":32,\"before_price\":\"35\",\"quan_price\":\"3\",\"quan_context\":\"3元\",\"quan_time\":\"2023-09-10 14:37:53\",\"expired\":false,\"now\":14,\"source_link\":\"https://uland.taobao.com/coupon/edetail?activityId=bf223ec4090d49329012618bb2eccb63&itemId=659459825367\",\"quan_link\":\"https://ss.huizhek.com/?nc=bBPsdKf&t=aHR0cHMlM0ElMkYlMkZ1bGFuZC50YW9iYW8uY29tJTJGY291cG9uJTJGZWRldGFpbCUzRmFjdGl2aXR5SWQlM0RiZjIyM2VjNDA5MGQ0OTMyOTAxMjYxOGJiMmVjY2I2MyUyNml0ZW1JZCUzRDY1OTQ1OTgyNTM2Nw==\"}]},\"exp\":1694284679739}","dGRfc182NjY1MTAyNzg1MTA=":"s{\"key\":\"td_s_666510278510\",\"value\":{\"status\":true,\"code\":1,\"message\":\"哎哟不错哦\",\"cache\":false,\"data\":[]},\"exp\":1694282558091}","dGRfc182NjgyMTY1NTcxMzE=":"s{\"key\":\"td_s_668216557131\",\"value\":{\"status\":true,\"code\":1,\"message\":\"哎哟不错哦\",\"cache\":false,\"data\":[]},\"exp\":1694713956433}","dGRfc182OTI5NzIzMjkxODc=":"s{\"key\":\"td_s_692972329187\",\"value\":{\"status\":true,\"code\":1,\"message\":\"哎哟不错哦\",\"cache\":false,\"data\":[{\"after_price\":738,\"before_price\":\"746\",\"quan_price\":\"8\",\"quan_context\":\"8元\",\"quan_time\":\"2023-09-10 10:49:10\",\"expired\":false,\"now\":10,\"source_link\":\"https://uland.taobao.com/coupon/edetail?activityId=86c9ce70dab94656aa7e55273e7043b4&itemId=692972329187\",\"quan_link\":\"https://ss.huizhek.com/?nc=ccprgTp&t=aHR0cHMlM0ElMkYlMkZ1bGFuZC50YW9iYW8uY29tJTJGY291cG9uJTJGZWRldGFpbCUzRmFjdGl2aXR5SWQlM0Q4NmM5Y2U3MGRhYjk0NjU2YWE3ZTU1MjczZTcwNDNiNCUyNml0ZW1JZCUzRDY5Mjk3MjMyOTE4Nw==\"}]},\"exp\":1694270957306}","dGRfc182OTM3ODIzMDYxMjI=":"s{\"key\":\"td_s_693782306122\",\"value\":{\"status\":true,\"code\":1,\"message\":\"哎哟不错哦\",\"cache\":false,\"data\":[]},\"exp\":1694282272844}","dGRfc183MTkxNzcyNjgxNTQ=":"s{\"key\":\"td_s_719177268154\",\"value\":{\"status\":true,\"code\":1,\"message\":\"哎哟不错哦\",\"cache\":false,\"data\":[]},\"exp\":1694285057128}","dGRfc18yNTQ0NjE4ODM2Mw==":"s{\"key\":\"td_s_25446188363\",\"value\":{\"status\":true,\"code\":1,\"message\":\"哎哟不错哦\",\"cache\":false,\"data\":[]},\"exp\":1694282122370}","dGRfc18zOTY2MjM5ODUyNw==":"s{\"key\":\"td_s_39662398527\",\"value\":{\"status\":true,\"code\":1,\"message\":\"哎哟不错哦\",\"cache\":false,\"data\":[{\"after_price\":19.9,\"before_price\":\"21.9\",\"quan_price\":\"2\",\"quan_context\":\"2元\",\"quan_time\":\"2023-09-10 14:29:22\",\"expired\":false,\"now\":14,\"source_link\":\"https://uland.taobao.com/coupon/edetail?activityId=12e2350207ce491fbdefc30648abff4a&itemId=39662398527\",\"quan_link\":\"https://ss.huizhek.com/?nc=HibnHh&t=aHR0cHMlM0ElMkYlMkZ1bGFuZC50YW9iYW8uY29tJTJGY291cG9uJTJGZWRldGFpbCUzRmFjdGl2aXR5SWQlM0QxMmUyMzUwMjA3Y2U0OTFmYmRlZmMzMDY0OGFiZmY0YSUyNml0ZW1JZCUzRDM5NjYyMzk4NTI3\"}]},\"exp\":1694284168750}"}}