{"options":{"check_for_updates":true,"comment":null,"compat_foreach":false,"compat_metadata":false,"compat_powerful_this":null,"compat_wrappedjsobject":false,"compatopts_for_requires":true,"noframes":null,"override":{"merge_connects":true,"merge_excludes":true,"merge_includes":true,"merge_matches":true,"orig_connects":["xbeibeix.com"],"orig_excludes":["*://*.bilibili.com/blackboard/*"],"orig_includes":[],"orig_matches":["*://*.iqiyi.com/*","*://*.youku.com/*","*://*.le.com/*","*://*.letv.com/*","*://v.qq.com/*","*://*.tudou.com/*","*://*.mgtv.com/*","*://film.sohu.com/*","*://tv.sohu.com/*","*://*.acfun.cn/*","*://*.bilibili.com/*","*://vip.1905.com/play/*","*://*.pptv.com/*","*://v.yinyuetai.com/video/*","*://v.yinyuetai.com/playlist/*","*://*.fun.tv/vplay/*","*://*.wasu.cn/Play/show/*","*://*.56.com/*","*://www.baidu.com/*"],"orig_noframes":null,"orig_run_at":"document-idle","use_blockers":[],"use_connects":[],"use_excludes":[],"use_includes":[],"use_matches":[]},"run_at":null,"sandbox":null,"tab_types":null,"unwrap":null},"settings":{"enabled":true,"position":10},"meta":{"name":"万能工具箱","uuid":"efc8c1bf-4f3a-465b-97e7-81493d33f263","modified":1650976293732,"file_url":"https://greasyfork.org/scripts/405628-%E4%B8%87%E8%83%BD%E5%B7%A5%E5%85%B7%E7%AE%B1/code/%E4%B8%87%E8%83%BD%E5%B7%A5%E5%85%B7%E7%AE%B1.user.js"}}