{"options":{"check_for_updates":true,"comment":null,"compat_foreach":false,"compat_metadata":false,"compat_powerful_this":null,"compat_wrappedjsobject":false,"compatopts_for_requires":true,"noframes":null,"override":{"merge_connects":true,"merge_excludes":true,"merge_includes":true,"merge_matches":true,"orig_connects":[],"orig_excludes":[],"orig_includes":[],"orig_matches":["https://www.amazon.cn/gp/digital/fiona/manage*","https://www.amazon.cn/mn/dcw/myx.html*"],"orig_noframes":null,"orig_run_at":"document-idle","use_blockers":[],"use_connects":[],"use_excludes":[],"use_includes":[],"use_matches":[]},"run_at":null,"sandbox":null,"tab_types":null,"unwrap":null},"settings":{"enabled":true,"position":24},"meta":{"name":"亚马逊中国Kindle下载所有内容","uuid":"42b9765b-2a8c-4f71-807e-7526eae51339","modified":1666404873633,"file_url":"https://greasyfork.org/scripts/445943-%E4%BA%9A%E9%A9%AC%E9%80%8A%E4%B8%AD%E5%9B%BDkindle%E4%B8%8B%E8%BD%BD%E6%89%80%E6%9C%89%E5%86%85%E5%AE%B9/code/%E4%BA%9A%E9%A9%AC%E9%80%8A%E4%B8%AD%E5%9B%BDKindle%E4%B8%8B%E8%BD%BD%E6%89%80%E6%9C%89%E5%86%85%E5%AE%B9.user.js"}}