{"options":{"check_for_updates":true,"comment":null,"compat_foreach":false,"compat_metadata":false,"compat_powerful_this":null,"compat_wrappedjsobject":false,"compatopts_for_requires":true,"noframes":null,"override":{"merge_connects":true,"merge_excludes":true,"merge_includes":true,"merge_matches":true,"orig_connects":["api.bilibili.com"],"orig_excludes":[],"orig_includes":["*://*.youku.com/v_*","*://*.iqiyi.com/v_*","*://*.iqiyi.com/w_*","*://*.iqiyi.com/a_*","*://*.le.com/ptv/vplay/*","*://v.qq.com/x/cover/*","*://v.qq.com/x/page/*","*://v.qq.com/tv/*","*://*.tudou.com/listplay/*","*://*.tudou.com/albumplay/*","*://*.tudou.com/programs/view/*","*://*.mgtv.com/b/*","*://film.sohu.com/album/*","*://tv.sohu.com/v/*","*://*.bilibili.com/video/*","*://*.bilibili.com/bangumi/play/*","*://*.baofeng.com/play/*","*://vip.pptv.com/show/*","*://v.pptv.com/show/*","*://www.le.com/ptv/vplay/*","*://www.wasu.cn/Play/show/*","*://m.v.qq.com/x/cover/*","*://m.v.qq.com/x/page/*","*://m.v.qq.com/*","*://m.iqiyi.com/*","*://m.iqiyi.com/kszt/*","*://m.youku.com/alipay_video/*","*://m.mgtv.com/b/*","*://m.tv.sohu.com/v/*","*://m.film.sohu.com/album/*","*://m.le.com/ptv/vplay/*","*://m.pptv.com/show/*","*://m.acfun.cn/v/*","*://m.bilibili.com/video/*","*://m.bilibili.com/anime/*","*://m.bilibili.com/bangumi/play/*","*://m.wasu.cn/Play/show/*","*://www.youtube.com","*://www.youtube.com/","*://www.youtube.com/watch*","*://www.facebook.com/*","*://yt1s.com/facebook-downloader","*music.163.com*","*://y.qq.com*","*://www.kugou.com*","*://www.kuwo.cn*","*://www.lizhi.fm*","*://*.ximalaya.com*","*://music.migu.cn*","*://*.douyin.com/*","*://*.douyinvod.com/*","*://*.idouyinvod.com/*","*://*.iesdouyin.com/*","*://*.zjcdn.com/*","*://*-dy.ixigua.com/*","*://www.laisoyixia.com/download/detail**"],"orig_matches":[],"orig_noframes":null,"orig_run_at":"document-idle","use_blockers":[],"use_connects":[],"use_excludes":[],"use_includes":[],"use_matches":[]},"run_at":null,"sandbox":null,"tab_types":null,"unwrap":null},"settings":{"enabled":false,"position":50},"meta":{"name":"全网VIP视频免费解析去广告；解锁B站大会员番剧、B站视频解析下载；全网音乐直接下载；油管、Facebook等国外视频解析下载；网盘搜索引擎破解无限下载等","uuid":"241ec27e-9669-4419-8079-cc596824292d","modified":1685859670739,"file_url":"https://greasyfork.org/scripts/437696-%E5%85%A8%E7%BD%91vip%E8%A7%86%E9%A2%91%E5%85%8D%E8%B4%B9%E8%A7%A3%E6%9E%90%E5%8E%BB%E5%B9%BF%E5%91%8A-%E8%A7%A3%E9%94%81b%E7%AB%99%E5%A4%A7%E4%BC%9A%E5%91%98%E7%95%AA%E5%89%A7-b%E7%AB%99%E8%A7%86%E9%A2%91%E8%A7%A3%E6%9E%90%E4%B8%8B%E8%BD%BD-%E5%85%A8%E7%BD%91%E9%9F%B3%E4%B9%90%E7%9B%B4%E6%8E%A5%E4%B8%8B%E8%BD%BD-%E6%B2%B9%E7%AE%A1-facebook%E7%AD%89%E5%9B%BD%E5%A4%96%E8%A7%86%E9%A2%91%E8%A7%A3%E6%9E%90%E4%B8%8B%E8%BD%BD-%E7%BD%91%E7%9B%98%E6%90%9C%E7%B4%A2%E5%BC%95%E6%93%8E%E7%A0%B4%E8%A7%A3%E6%97%A0%E9%99%90%E4%B8%8B%E8%BD%BD%E7%AD%89/code/%E5%85%A8%E7%BD%91VIP%E8%A7%86%E9%A2%91%E5%85%8D%E8%B4%B9%E8%A7%A3%E6%9E%90%E5%8E%BB%E5%B9%BF%E5%91%8A%EF%BC%9B%E8%A7%A3%E9%94%81B%E7%AB%99%E5%A4%A7%E4%BC%9A%E5%91%98%E7%95%AA%E5%89%A7%E3%80%81B%E7%AB%99%E8%A7%86%E9%A2%91%E8%A7%A3%E6%9E%90%E4%B8%8B%E8%BD%BD%EF%BC%9B%E5%85%A8%E7%BD%91%E9%9F%B3%E4%B9%90%E7%9B%B4%E6%8E%A5%E4%B8%8B%E8%BD%BD%EF%BC%9B%E6%B2%B9%E7%AE%A1%E3%80%81Facebook%E7%AD%89%E5%9B%BD%E5%A4%96%E8%A7%86%E9%A2%91%E8%A7%A3%E6%9E%90%E4%B8%8B%E8%BD%BD%EF%BC%9B%E7%BD%91%E7%9B%98%E6%90%9C%E7%B4%A2%E5%BC%95%E6%93%8E%E7%A0%B4%E8%A7%A3%E6%97%A0%E9%99%90%E4%B8%8B%E8%BD%BD%E7%AD%89.user.js"}}