{"options":{"check_for_updates":true,"comment":null,"compat_foreach":false,"compat_metadata":false,"compat_powerful_this":null,"compat_wrappedjsobject":false,"compatopts_for_requires":true,"noframes":null,"override":{"merge_connects":true,"merge_excludes":true,"merge_includes":true,"merge_matches":true,"orig_connects":["api.bilibili.com"],"orig_excludes":[],"orig_includes":["*://v.qq.com/x/page/*","*://v.qq.com/x/cover/*","*://v.qq.com/tv/*","*://*.iqiyi.com/v_*","*://*.iqiyi.com/a_*","*://*.iqiyi.com/w_*","*://*.iq.com/play/*","*://*.youku.com/v_*","*://*.mgtv.com/b/*","*://*.tudou.com/listplay/*","*://*.tudou.com/programs/view/*","*://*.tudou.com/albumplay/*","*://film.sohu.com/album/*","*://tv.sohu.com/v/*","*://*.bilibili.com/video/*","*://*.bilibili.com/bangumi/play/*","*://v.pptv.com/show/*","*://vip.pptv.com/show/*","*://www.wasu.cn/Play/show/*","*://*.le.com/ptv/vplay/*","*://*.acfun.cn/v/*","*://*.acfun.cn/bangumi/*","*://*.1905.com/play/*","*://m.v.qq.com/x/page/*","*://m.v.qq.com/x/cover/*","*://m.v.qq.com/*","*://m.iqiyi.com/*","*://m.iqiyi.com/kszt/*","*://m.youku.com/video/*","*://m.mgtv.com/b/*","*://m.tv.sohu.com/v/*","*://m.film.sohu.com/album/*","*://m.pptv.com/show/*","*://m.bilibili.com/anime/*","*://m.bilibili.com/video/*","*://m.bilibili.com/bangumi/play/*"],"orig_matches":[],"orig_noframes":null,"orig_run_at":"document-idle","use_blockers":[],"use_connects":[],"use_excludes":[],"use_includes":[],"use_matches":[]},"run_at":null,"sandbox":null,"tab_types":null,"unwrap":null},"settings":{"enabled":false,"position":48},"meta":{"name":"全网VIP视频免费破解【专注一个脚本只做一件事件】长期更新，放心使用","uuid":"18aed1a0-2180-41b4-8396-92ffa9b0e8ce","modified":1685859654638,"file_url":"https://greasyfork.org/scripts/453037-%E5%85%A8%E7%BD%91vip%E8%A7%86%E9%A2%91%E5%85%8D%E8%B4%B9%E7%A0%B4%E8%A7%A3-%E4%B8%93%E6%B3%A8%E4%B8%80%E4%B8%AA%E8%84%9A%E6%9C%AC%E5%8F%AA%E5%81%9A%E4%B8%80%E4%BB%B6%E4%BA%8B%E4%BB%B6-%E9%95%BF%E6%9C%9F%E6%9B%B4%E6%96%B0-%E6%94%BE%E5%BF%83%E4%BD%BF%E7%94%A8/code/%E5%85%A8%E7%BD%91VIP%E8%A7%86%E9%A2%91%E5%85%8D%E8%B4%B9%E7%A0%B4%E8%A7%A3%E3%80%90%E4%B8%93%E6%B3%A8%E4%B8%80%E4%B8%AA%E8%84%9A%E6%9C%AC%E5%8F%AA%E5%81%9A%E4%B8%80%E4%BB%B6%E4%BA%8B%E4%BB%B6%E3%80%91%E9%95%BF%E6%9C%9F%E6%9B%B4%E6%96%B0%EF%BC%8C%E6%94%BE%E5%BF%83%E4%BD%BF%E7%94%A8.user.js"}}