{"options":{"check_for_updates":true,"comment":null,"compat_foreach":false,"compat_metadata":false,"compat_powerful_this":null,"compat_wrappedjsobject":false,"compatopts_for_requires":true,"noframes":null,"override":{"merge_connects":true,"merge_excludes":true,"merge_includes":true,"merge_matches":true,"orig_connects":[],"orig_excludes":[],"orig_includes":[],"orig_matches":["*v.qq.com/x*","*v.qq.com/p*","*v.qq.com/cover*","*v.qq.com/tv/*","*.youku.com/v*","*m.youku.com/*","*.iqiyi.com/v_*","*.iqiyi.com/w_*","*.iqiyi.com/a_*","*.iq.com/play/*","*.le.com/*","*.mgtv.com/b/*","*tv.sohu.com/*","*.bilibili.com/video/*","*.bilibili.com/anime/*","*.bilibili.com/bangumi/play/*","*.bilibili.com/s/*","*.pptv.com/show/*","*.wasu.cn/Play/show*","*tv.cctv.com/*","*.acfun.cn/*","*.ixigua.com/*"],"orig_noframes":null,"orig_run_at":"document-idle","use_blockers":[],"use_connects":[],"use_excludes":[],"use_includes":[],"use_matches":[]},"run_at":null,"sandbox":null,"tab_types":null,"unwrap":null},"settings":{"enabled":false,"position":56},"meta":{"name":"全网VIP视频免费破解去广告-全网在线影片解析助手- | 萝莉欧欧","uuid":"daa9864b-e14d-43d5-b399-b9c53f516249","modified":1688091391529,"file_url":"https://greasyfork.org/scripts/432438-%E5%85%A8%E7%BD%91vip%E8%A7%86%E9%A2%91%E5%85%8D%E8%B4%B9%E7%A0%B4%E8%A7%A3%E5%8E%BB%E5%B9%BF%E5%91%8A-%E5%85%A8%E7%BD%91%E5%9C%A8%E7%BA%BF%E5%BD%B1%E7%89%87%E8%A7%A3%E6%9E%90%E5%8A%A9%E6%89%8B-%E8%90%9D%E8%8E%89%E6%AC%A7%E6%AC%A7/code/%E5%85%A8%E7%BD%91VIP%E8%A7%86%E9%A2%91%E5%85%8D%E8%B4%B9%E7%A0%B4%E8%A7%A3%E5%8E%BB%E5%B9%BF%E5%91%8A-%E5%85%A8%E7%BD%91%E5%9C%A8%E7%BA%BF%E5%BD%B1%E7%89%87%E8%A7%A3%E6%9E%90%E5%8A%A9%E6%89%8B-%20%7C%20%E8%90%9D%E8%8E%89%E6%AC%A7%E6%AC%A7.user.js"}}