{"options":{"check_for_updates":true,"comment":null,"compat_foreach":false,"compat_metadata":false,"compat_powerful_this":null,"compat_wrappedjsobject":false,"compatopts_for_requires":true,"noframes":null,"override":{"merge_connects":true,"merge_excludes":true,"merge_includes":true,"merge_matches":true,"orig_connects":[],"orig_excludes":[],"orig_includes":[],"orig_matches":["https://mp.weixin.qq.com/cgi-bin/appmsg"],"orig_noframes":null,"orig_run_at":"document-idle","use_blockers":[],"use_connects":[],"use_excludes":[],"use_includes":[],"use_matches":[]},"run_at":null,"sandbox":null,"tab_types":null,"unwrap":null},"settings":{"enabled":true,"position":35},"meta":{"name":"公众号图文编辑图片一键居中","uuid":"8641e0d9-38f7-4a3a-b63e-3b16695a95c6","modified":1668648499028,"file_url":"https://greasyfork.org/scripts/430032-%E5%85%AC%E4%BC%97%E5%8F%B7%E5%9B%BE%E6%96%87%E7%BC%96%E8%BE%91%E5%9B%BE%E7%89%87%E4%B8%80%E9%94%AE%E5%B1%85%E4%B8%AD/code/%E5%85%AC%E4%BC%97%E5%8F%B7%E5%9B%BE%E6%96%87%E7%BC%96%E8%BE%91%E5%9B%BE%E7%89%87%E4%B8%80%E9%94%AE%E5%B1%85%E4%B8%AD.user.js"}}