{"options":{"check_for_updates":true,"comment":null,"compat_foreach":false,"compat_metadata":false,"compat_powerful_this":null,"compat_wrappedjsobject":false,"compatopts_for_requires":true,"noframes":null,"override":{"merge_connects":true,"merge_excludes":true,"merge_includes":true,"merge_matches":true,"orig_connects":[],"orig_excludes":[],"orig_includes":["*://mp.weixin.qq.com/s/*","*://mp.weixin.qq.com/s?*","*//v.qq.com/x/page/*","*//v.qq.com/x/cover/*","/^https:\\/\\/www\\.ixigua\\.com\\/([\\d]+).*$/","/^https:\\/\\/www\\.iesdouyin\\.com\\/share\\/video\\/([\\d]+).*$/"],"orig_matches":[],"orig_noframes":null,"orig_run_at":"document-start","use_blockers":[],"use_connects":["qq.com"],"use_excludes":[],"use_includes":[],"use_matches":[]},"run_at":null,"sandbox":null,"tab_types":null,"unwrap":null},"settings":{"enabled":false,"position":31},"meta":{"name":"公众号文章里面视频","uuid":"911b5bf8-6cd0-410c-a411-74b61f83778a","modified":1668648468434,"file_url":"https://greasyfork.org/scripts/408953-%E5%85%AC%E4%BC%97%E5%8F%B7%E6%96%87%E7%AB%A0%E9%87%8C%E9%9D%A2%E8%A7%86%E9%A2%91/code/%E5%85%AC%E4%BC%97%E5%8F%B7%E6%96%87%E7%AB%A0%E9%87%8C%E9%9D%A2%E8%A7%86%E9%A2%91.user.js"}}