{"options":{"check_for_updates":true,"comment":null,"compat_foreach":false,"compat_metadata":false,"compat_powerful_this":null,"compat_wrappedjsobject":false,"compatopts_for_requires":true,"noframes":null,"override":{"merge_connects":true,"merge_excludes":true,"merge_includes":true,"merge_matches":true,"orig_connects":[],"orig_excludes":[],"orig_includes":[],"orig_matches":["https://yiban.io/*","https://mp.weixin.qq.com/*"],"orig_noframes":null,"orig_run_at":"document-idle","use_blockers":[],"use_connects":[],"use_excludes":[],"use_includes":[],"use_matches":[]},"run_at":null,"sandbox":null,"tab_types":null,"unwrap":null},"settings":{"enabled":true,"position":36},"meta":{"name":"壹伴排版 Plus","uuid":"77959f88-7e09-4ad8-b31e-816ee7e43119","modified":1668648581812,"file_url":"https://greasyfork.org/scripts/439551-%E5%A3%B9%E4%BC%B4%E6%8E%92%E7%89%88-plus/code/%E5%A3%B9%E4%BC%B4%E6%8E%92%E7%89%88%20Plus.user.js"}}