{"options":{"check_for_updates":true,"comment":null,"compat_foreach":false,"compat_metadata":false,"compat_powerful_this":null,"compat_wrappedjsobject":false,"compatopts_for_requires":true,"noframes":null,"override":{"merge_connects":true,"merge_excludes":true,"merge_includes":true,"merge_matches":true,"orig_connects":[],"orig_excludes":[],"orig_includes":[],"orig_matches":["*://*/*"],"orig_noframes":null,"orig_run_at":"document-start","use_blockers":[],"use_connects":[],"use_excludes":[],"use_includes":[],"use_matches":[]},"run_at":null,"sandbox":null,"tab_types":null,"unwrap":null},"settings":{"enabled":true,"position":2},"meta":{"name":"夜间模式助手","uuid":"187949e1-0f0c-4719-928a-9160bee808ff","modified":1677813289004,"file_url":"https://greasyfork.org/scripts/398149-%E9%BB%91%E6%9A%97%E6%A8%A1%E5%BC%8F/code/%E9%BB%91%E6%9A%97%E6%A8%A1%E5%BC%8F.user.js"}}