{"options":{"check_for_updates":true,"comment":null,"compat_foreach":false,"compat_metadata":false,"compat_powerful_this":null,"compat_wrappedjsobject":false,"compatopts_for_requires":true,"noframes":null,"override":{"merge_connects":true,"merge_excludes":true,"merge_includes":true,"merge_matches":true,"orig_connects":[],"orig_excludes":[],"orig_includes":["https://mp.weixin.qq.com/s?*"],"orig_matches":[],"orig_noframes":null,"orig_run_at":"document-idle","use_blockers":[],"use_connects":[],"use_excludes":[],"use_includes":[],"use_matches":[]},"run_at":null,"sandbox":null,"tab_types":null,"unwrap":null},"settings":{"enabled":true,"position":28},"meta":{"name":"微信地址精简","uuid":"88b71eb2-4c43-43b6-b265-d643653f4550","modified":1651216421313,"file_url":"https://greasyfork.org/scripts/416599-%E5%BE%AE%E4%BF%A1%E5%9C%B0%E5%9D%80%E7%B2%BE%E7%AE%80/code/%E5%BE%AE%E4%BF%A1%E5%9C%B0%E5%9D%80%E7%B2%BE%E7%AE%80.user.js"}}