{"options":{"check_for_updates":true,"comment":null,"compat_foreach":false,"compat_metadata":false,"compat_powerful_this":null,"compat_wrappedjsobject":false,"compatopts_for_requires":true,"noframes":null,"override":{"merge_connects":true,"merge_excludes":true,"merge_includes":true,"merge_matches":true,"orig_connects":[],"orig_excludes":[],"orig_includes":["*mp.weixin.qq.com/cgi-bin/appmsg?t=media/appmsg_edit*","*mp.weixin.qq.com/cgi-bin/appmsg?t=media/appmsg_edit_v2*"],"orig_matches":[],"orig_noframes":null,"orig_run_at":"document-end","use_blockers":[],"use_connects":[],"use_excludes":[],"use_includes":[],"use_matches":[]},"run_at":null,"sandbox":null,"tab_types":null,"unwrap":null},"settings":{"enabled":true,"position":41},"meta":{"name":"微信公众号编辑器中英文自动加空格","uuid":"a967135b-dd57-432e-9e9a-15bd28e32db6","modified":1668648333349,"file_url":"https://greasyfork.org/scripts/30502-%E5%BE%AE%E4%BF%A1%E5%85%AC%E4%BC%97%E5%8F%B7%E7%BC%96%E8%BE%91%E5%99%A8%E4%B8%AD%E8%8B%B1%E6%96%87%E8%87%AA%E5%8A%A8%E5%8A%A0%E7%A9%BA%E6%A0%BC/code/%E5%BE%AE%E4%BF%A1%E5%85%AC%E4%BC%97%E5%8F%B7%E7%BC%96%E8%BE%91%E5%99%A8%E4%B8%AD%E8%8B%B1%E6%96%87%E8%87%AA%E5%8A%A8%E5%8A%A0%E7%A9%BA%E6%A0%BC.user.js"}}