{"options":{"check_for_updates":true,"comment":null,"compat_foreach":false,"compat_metadata":false,"compat_powerful_this":null,"compat_wrappedjsobject":false,"compatopts_for_requires":true,"noframes":null,"override":{"merge_connects":true,"merge_excludes":true,"merge_includes":true,"merge_matches":true,"orig_connects":[],"orig_excludes":[],"orig_includes":["*mp.weixin.qq.com/cgi-bin/appmsg?t=media/appmsg_edit*","*mp.weixin.qq.com/cgi-bin/appmsg?t=media/appmsg_edit_v2*"],"orig_matches":[],"orig_noframes":null,"orig_run_at":"document-end","use_blockers":[],"use_connects":[],"use_excludes":[],"use_includes":[],"use_matches":[]},"run_at":null,"sandbox":null,"tab_types":null,"unwrap":null},"settings":{"enabled":true,"position":42},"meta":{"name":"微信公众号编辑器自动改引号","uuid":"acc31218-7a5d-47d9-a7d6-c874408f4fc5","modified":1668648345254,"file_url":"https://greasyfork.org/scripts/369932-%E5%BE%AE%E4%BF%A1%E5%85%AC%E4%BC%97%E5%8F%B7%E7%BC%96%E8%BE%91%E5%99%A8%E8%87%AA%E5%8A%A8%E6%94%B9%E5%BC%95%E5%8F%B7/code/%E5%BE%AE%E4%BF%A1%E5%85%AC%E4%BC%97%E5%8F%B7%E7%BC%96%E8%BE%91%E5%99%A8%E8%87%AA%E5%8A%A8%E6%94%B9%E5%BC%95%E5%8F%B7.user.js"}}