{"options":{"check_for_updates":true,"comment":null,"compat_foreach":false,"compat_metadata":false,"compat_powerful_this":null,"compat_wrappedjsobject":false,"compatopts_for_requires":true,"noframes":null,"override":{"merge_connects":true,"merge_excludes":true,"merge_includes":true,"merge_matches":true,"orig_connects":[],"orig_excludes":[],"orig_includes":[],"orig_matches":["*://mp.weixin.qq.com/cgi-bin/home*"],"orig_noframes":null,"orig_run_at":"document-idle","use_blockers":[],"use_connects":[],"use_excludes":[],"use_includes":[],"use_matches":[]},"run_at":null,"sandbox":null,"tab_types":null,"unwrap":null},"settings":{"enabled":true,"position":44},"meta":{"name":"微信公众号数据采集","uuid":"d47caa6b-f40c-4728-8280-e169283d1a55","modified":1668648428834,"file_url":"https://greasyfork.org/scripts/395157-%E5%BE%AE%E4%BF%A1%E5%85%AC%E4%BC%97%E5%8F%B7%E6%95%B0%E6%8D%AE%E9%87%87%E9%9B%86/code/%E5%BE%AE%E4%BF%A1%E5%85%AC%E4%BC%97%E5%8F%B7%E6%95%B0%E6%8D%AE%E9%87%87%E9%9B%86.user.js"}}