{"options":{"check_for_updates":true,"comment":null,"compat_foreach":false,"compat_metadata":false,"compat_powerful_this":null,"compat_wrappedjsobject":false,"compatopts_for_requires":true,"noframes":null,"override":{"merge_connects":true,"merge_excludes":true,"merge_includes":true,"merge_matches":true,"orig_connects":[],"orig_excludes":[],"orig_includes":[],"orig_matches":["https://mp.weixin.qq.com/cgi-bin/*"],"orig_noframes":null,"orig_run_at":"document-start","use_blockers":[],"use_connects":[],"use_excludes":[],"use_includes":[],"use_matches":[]},"run_at":null,"sandbox":null,"tab_types":null,"unwrap":null},"settings":{"enabled":true,"position":29},"meta":{"name":"微信公众号图文模板工具","uuid":"200ec142-3412-4eb6-a968-0c8fac1ae4a4","modified":1701824100788,"file_url":"https://update.greasyfork.org/scripts/406755/%E5%BE%AE%E4%BF%A1%E5%85%AC%E4%BC%97%E5%8F%B7%E5%9B%BE%E6%96%87%E6%A8%A1%E6%9D%BF%E5%B7%A5%E5%85%B7.user.js"}}