{"options":{"check_for_updates":true,"comment":null,"compat_foreach":false,"compat_metadata":false,"compat_powerful_this":null,"compat_wrappedjsobject":false,"compatopts_for_requires":true,"noframes":null,"override":{"merge_connects":true,"merge_excludes":true,"merge_includes":true,"merge_matches":true,"orig_connects":["iesdouyin.com","47.99.158.118"],"orig_excludes":[],"orig_includes":[],"orig_matches":["*://*.youku.com/*","*://*.iqiyi.com/*","*://*.iq.com/*","*://*.le.com/*","*://v.qq.com/*","*://m.v.qq.com/*","*://*.tudou.com/*","*://*.mgtv.com/*","*://tv.sohu.com/*","*://*.1905.com/*","*://film.sohu.com/*","*://*.bilibili.com/*","*://*.pptv.com/*","*://item.taobao.com/*","*://s.taobao.com/*","*://chaoshi.detail.tmall.com/*","*://detail.tmall.com/*","*://detail.tmall.hk/*","*://item.jd.com/*","*://*.yiyaojd.com/*","*://npcitem.jd.hk/*","*://*.liangxinyao.com/*","*://music.163.com/*","*://y.qq.com/*","*://*.kugou.com/*","*://*.kuwo.cn/*","*://*.ximalaya.com/*","*://*.zhihu.com/*","*://*.douyin.com/*","*://*.kuaishou.com/*","*://*.ixigua.com/*","*://*.youtube.com/*","*://47.99.158.118/*"],"orig_noframes":null,"orig_run_at":"document-idle","use_blockers":[],"use_connects":[],"use_excludes":[],"use_includes":[],"use_matches":[]},"run_at":null,"sandbox":null,"tab_types":null,"unwrap":null},"settings":{"enabled":false,"position":51},"meta":{"name":"懒人工具箱(兼容版)","uuid":"6006a8e8-b38b-4f5f-9e21-290175a3a24f","modified":1686530478387,"file_url":"https://greasyfork.org/scripts/376078-%E5%85%A8%E7%BD%91vip%E8%A7%86%E9%A2%91%E7%A0%B4%E8%A7%A3%E5%8E%BB%E5%B9%BF%E5%91%8A%E5%85%8D%E8%B4%B9%E7%9C%8B-%E5%85%A8%E7%BD%91%E9%9F%B3%E4%B9%90%E4%B8%8B%E8%BD%BD-%E7%9F%A5%E4%B9%8E%E5%A2%9E%E5%BC%BA-%E7%9F%AD%E8%A7%86%E9%A2%91%E6%97%A0%E6%B0%B4%E5%8D%B0%E4%B8%8B%E8%BD%BD/code/%E5%85%A8%E7%BD%91VIP%E8%A7%86%E9%A2%91%E7%A0%B4%E8%A7%A3%E5%8E%BB%E5%B9%BF%E5%91%8A%E5%85%8D%E8%B4%B9%E7%9C%8B+%E5%85%A8%E7%BD%91%E9%9F%B3%E4%B9%90%E4%B8%8B%E8%BD%BD+%E7%9F%A5%E4%B9%8E%E5%A2%9E%E5%BC%BA+%E7%9F%AD%E8%A7%86%E9%A2%91%E6%97%A0%E6%B0%B4%E5%8D%B0%E4%B8%8B%E8%BD%BD.user.js"}}