{"options":{"check_for_updates":true,"comment":null,"compat_foreach":false,"compat_metadata":false,"compat_powerful_this":null,"compat_wrappedjsobject":false,"compatopts_for_requires":true,"noframes":null,"override":{"merge_connects":true,"merge_excludes":true,"merge_includes":true,"merge_matches":true,"orig_connects":[],"orig_excludes":[],"orig_includes":[],"orig_matches":["*://weibo.com/*/profile?*","*://weibo.com/u/*","*://weibo.com/fav*","*://weibo.com/u/page/fav/*"],"orig_noframes":null,"orig_run_at":"document-idle","use_blockers":[],"use_connects":[],"use_excludes":[],"use_includes":[],"use_matches":[]},"run_at":null,"sandbox":null,"tab_types":null,"unwrap":null},"settings":{"enabled":true,"position":74},"meta":{"name":"批量删除新浪微博博文","uuid":"df5d17eb-b63d-47e7-a8f0-d08430bb6582","modified":1697596736957,"file_url":"https://greasyfork.org/scripts/376618-%E6%89%B9%E9%87%8F%E5%88%A0%E9%99%A4%E6%96%B0%E6%B5%AA%E5%BE%AE%E5%8D%9A%E5%8D%9A%E6%96%87/code/%E6%89%B9%E9%87%8F%E5%88%A0%E9%99%A4%E6%96%B0%E6%B5%AA%E5%BE%AE%E5%8D%9A%E5%8D%9A%E6%96%87.user.js"}}