{"options":{"check_for_updates":true,"comment":null,"compat_foreach":false,"compat_metadata":false,"compat_powerful_this":null,"compat_wrappedjsobject":false,"compatopts_for_requires":true,"noframes":null,"override":{"merge_connects":true,"merge_excludes":true,"merge_includes":true,"merge_matches":true,"orig_connects":["kaltura.com","mewatch.sg"],"orig_excludes":[],"orig_includes":[],"orig_matches":["https://www.mewatch.sg/season/*","https://www.mewatch.sg/show/*"],"orig_noframes":null,"orig_run_at":"document-idle","use_blockers":[],"use_connects":[],"use_excludes":[],"use_includes":[],"use_matches":[]},"run_at":null,"sandbox":null,"tab_types":null,"unwrap":null},"settings":{"enabled":true,"position":13},"meta":{"name":"新传媒下载","uuid":"2de38274-d8c7-4483-afae-171ed1439e34","modified":1651807982616,"file_url":"https://greasyfork.org/scripts/382346-%E6%96%B0%E4%BC%A0%E5%AA%92%E4%B8%8B%E8%BD%BD/code/%E6%96%B0%E4%BC%A0%E5%AA%92%E4%B8%8B%E8%BD%BD.user.js"}}