{"options":{"check_for_updates":true,"comment":null,"compat_foreach":false,"compat_metadata":false,"compat_powerful_this":null,"compat_wrappedjsobject":false,"compatopts_for_requires":true,"noframes":null,"override":{"merge_connects":true,"merge_excludes":true,"merge_includes":true,"merge_matches":true,"orig_connects":[],"orig_excludes":[],"orig_includes":[],"orig_matches":["https://mp.weixin.qq.com/cgi-bin/appmsg?t=media/appmsg_edit&action=edit*"],"orig_noframes":null,"orig_run_at":"document-idle","use_blockers":[],"use_connects":[],"use_excludes":[],"use_includes":[],"use_matches":[]},"run_at":null,"sandbox":null,"tab_types":null,"unwrap":null},"settings":{"enabled":true,"position":15},"meta":{"name":"显示公众号观看更多","uuid":"4e9bca8a-f1c1-4a32-9b4e-e9afad4a9643","modified":1668648483597,"file_url":"https://greasyfork.org/scripts/412695-%E6%98%BE%E7%A4%BA%E5%85%AC%E4%BC%97%E5%8F%B7%E8%A7%82%E7%9C%8B%E6%9B%B4%E5%A4%9A/code/%E6%98%BE%E7%A4%BA%E5%85%AC%E4%BC%97%E5%8F%B7%E8%A7%82%E7%9C%8B%E6%9B%B4%E5%A4%9A.user.js"}}