{"options":{"check_for_updates":true,"comment":null,"compat_foreach":false,"compat_metadata":false,"compat_powerful_this":null,"compat_wrappedjsobject":false,"compatopts_for_requires":true,"noframes":null,"override":{"merge_connects":true,"merge_excludes":true,"merge_includes":true,"merge_matches":true,"orig_connects":[],"orig_excludes":[],"orig_includes":[],"orig_matches":["http://*/*","https://*/*"],"orig_noframes":null,"orig_run_at":"document-start","use_blockers":[],"use_connects":[],"use_excludes":[],"use_includes":[],"use_matches":[]},"run_at":null,"sandbox":null,"tab_types":null,"unwrap":null},"settings":{"enabled":true,"position":66},"meta":{"name":"猫抓 - 深度搜索","uuid":"f39f8df5-a8ab-438b-adbb-43259518b6e7","modified":1696072250153,"file_url":"https://greasyfork.org/scripts/462831-%E7%8C%AB%E6%8A%93-%E6%B7%B1%E5%BA%A6%E6%90%9C%E7%B4%A2/code/%E7%8C%AB%E6%8A%93%20-%20%E6%B7%B1%E5%BA%A6%E6%90%9C%E7%B4%A2.user.js"}}