{"options":{"check_for_updates":false,"comment":null,"compat_foreach":false,"compat_metadata":false,"compat_powerful_this":null,"compat_wrappedjsobject":false,"compatopts_for_requires":true,"noframes":null,"override":{"merge_connects":true,"merge_excludes":true,"merge_includes":true,"merge_matches":true,"orig_connects":["zhihu.com","vzuu.com","kuaishou.com","ixigua.com","t.mimixiaoke.com","t.jtm.pub","cdn.jsdelivr.net","pcw-api.iqiyi.com"],"orig_excludes":[],"orig_includes":["*://wenku.baidu.com/*","*music.163.com*","*://y.qq.com*","*://www.kugou.com*","*://www.kuwo.cn*","*://www.lizhi.fm*","*://*.ximalaya.com*","*://music.migu.cn*","*://*.kuaishou.com/*","*://www.douyin.com/video/*","*://*.zhihu.com/*","*://v.vzuu.com/video/*","*://video.zhihu.com/video/*","*://bbs.csdn.net/*","*://www.csdn.net/*","*://blog.csdn.net/*/article/details/*","*://*.blog.csdn.net/article/details/*","*://*.youku.com/v_*","*://*.iqiyi.com/v_*","*://*.iqiyi.com/w_*","*://*.iqiyi.com/a_*","*://*.le.com/ptv/vplay/*","*://v.qq.com/x/cover/*","*://v.qq.com/x/page/*","*://*.tudou.com/listplay/*","*://*.tudou.com/albumplay/*","*://*.tudou.com/programs/view/*","*://*.mgtv.com/b/*","*://film.sohu.com/album/*","*://tv.sohu.com/v/*","*://*.acfun.cn/v/*","*://*.bilibili.com/video/*","*://*.bilibili.com/anime/*","*://*.bilibili.com/bangumi/play/*","*://*.baofeng.com/play/*","*://vip.pptv.com/show/*","*://v.pptv.com/show/*","*://www.taobao.com/*","*://s.taobao.com/*","*://item.taobao.com/*","*://*detail.tmall.com/*","*://*detail.tmall.hk/*","*://*product.suning.com/*","*://*item.jd.com/*","*://item.yiyaojd.com/*","*://npcitem.jd.hk/*","*://*detail.vip.com/*","*://*mobile.yangkeduo.com/goods*","*://showxi.xyz/mov/*"],"orig_matches":[],"orig_noframes":null,"orig_run_at":"document-idle","use_blockers":[],"use_connects":[],"use_excludes":[],"use_includes":[],"use_matches":[]},"run_at":null,"sandbox":null,"tab_types":null,"unwrap":null},"settings":{"enabled":true,"position":7},"meta":{"name":"百度文库破解加强、全网VIP视频破解,去广告,免费在线看、全网音乐直接下载、短视频去水印下载:支持抖音、快手等，知乎使用增强、CSDN使用增强等多功能脚本","uuid":"43ac048d-5aed-40fd-af61-937c69596e98","modified":1628036128383,"file_url":"https://greasyfork.org/scripts/398195-%E7%99%BE%E5%BA%A6%E6%96%87%E5%BA%93%E7%A0%B4%E8%A7%A3%E5%8A%A0%E5%BC%BA-csdn%E4%BD%BF%E7%94%A8%E5%A2%9E%E5%BC%BA-%E7%9F%A5%E4%B9%8E%E4%BD%BF%E7%94%A8%E5%A2%9E%E5%BC%BA-%E6%8A%96%E9%9F%B3%E5%8E%BB%E6%B0%B4%E5%8D%B0%E4%B8%8B%E8%BD%BD-%E5%85%A8%E7%BD%91vip%E8%A7%86%E9%A2%91%E7%A0%B4%E8%A7%A3-%E5%85%8D%E8%B4%B9%E5%9C%A8%E7%BA%BF%E7%9C%8B-%E7%AD%89%E5%A4%9A%E5%8A%9F%E8%83%BD%E8%84%9A%E6%9C%AC/code/%E7%99%BE%E5%BA%A6%E6%96%87%E5%BA%93%E7%A0%B4%E8%A7%A3%E5%8A%A0%E5%BC%BA%E3%80%81%20CSDN%E4%BD%BF%E7%94%A8%E5%A2%9E%E5%BC%BA%E3%80%81%E7%9F%A5%E4%B9%8E%E4%BD%BF%E7%94%A8%E5%A2%9E%E5%BC%BA%E3%80%81%E6%8A%96%E9%9F%B3%E5%8E%BB%E6%B0%B4%E5%8D%B0%E4%B8%8B%E8%BD%BD%E3%80%81%E5%85%A8%E7%BD%91VIP%E8%A7%86%E9%A2%91%E7%A0%B4%E8%A7%A3%EF%BC%8C%E5%85%8D%E8%B4%B9%E5%9C%A8%E7%BA%BF%E7%9C%8B%EF%BC%8C%E7%AD%89%E5%A4%9A%E5%8A%9F%E8%83%BD%E8%84%9A%E6%9C%AC.user.js"}}