{"options":{"check_for_updates":true,"comment":null,"compat_foreach":false,"compat_metadata":false,"compat_powerful_this":null,"compat_wrappedjsobject":false,"compatopts_for_requires":true,"noframes":null,"override":{"merge_connects":true,"merge_excludes":true,"merge_includes":true,"merge_matches":true,"orig_connects":[],"orig_excludes":[],"orig_includes":[],"orig_matches":["https://program-think.blogspot.com/*"],"orig_noframes":null,"orig_run_at":"document-body","use_blockers":[],"use_connects":[],"use_excludes":[],"use_includes":[],"use_matches":[]},"run_at":null,"sandbox":null,"tab_types":null,"unwrap":null},"settings":{"enabled":false,"position":69},"meta":{"name":"编程随想的博客评论区修复","uuid":"432447f0-9dd3-4a58-8434-7772342a1fa8","modified":1683797373193,"file_url":"https://greasyfork.org/scripts/450470-%E7%BC%96%E7%A8%8B%E9%9A%8F%E6%83%B3%E7%9A%84%E5%8D%9A%E5%AE%A2%E8%AF%84%E8%AE%BA%E5%8C%BA%E4%BF%AE%E5%A4%8D/code/%E7%BC%96%E7%A8%8B%E9%9A%8F%E6%83%B3%E7%9A%84%E5%8D%9A%E5%AE%A2%E8%AF%84%E8%AE%BA%E5%8C%BA%E4%BF%AE%E5%A4%8D.user.js"}}