{"ts":1704416607430,"data":{"$config":"o{\"uid\": \"tvkwv92q25gb7g8n4fgzhjqe5w1k61r5\",\"share_log_list\": {\"baidu#utVLXSccYY_AUlFvuvY41g\": {\"share_id\": \"utVLXSccYY_AUlFvuvY41g\",\"share_pwd\": \"7qyz\",\"share_link\": \"https://pan.baidu.com/share/init?surl=utVLXSccYY_AUlFvuvY41g&pwd=7qyz\",\"share_source\": \"baidu\",\"share_time\": 1702281505408},\"baidu#ZruyswgGFhaE9sNxiWwSLA\": {\"share_id\": \"ZruyswgGFhaE9sNxiWwSLA\",\"share_pwd\": \"2023\",\"share_link\": \"https://pan.baidu.com/share/init?surl=ZruyswgGFhaE9sNxiWwSLA&pwd=2023\",\"share_source\": \"baidu\",\"share_time\": 1702281915600},\"baidu#hTZZZpno4YzoDfpUvUhMMQ\": {\"share_id\": \"hTZZZpno4YzoDfpUvUhMMQ\",\"share_pwd\": \"6666\",\"share_link\": \"https://pan.baidu.com/share/init?surl=hTZZZpno4YzoDfpUvUhMMQ\",\"share_source\": \"baidu\",\"share_time\": 1702968423797}}}","$storage":"o{\"version_date\": \"20240105\",\"version_payload\": {\"version\": \"0.4.7\"},\"version_latest\": \"0.4.7\"}"}}