{"options":{"check_for_updates":false,"comment":null,"compat_foreach":false,"compat_metadata":false,"compat_powerful_this":null,"compat_wrappedjsobject":false,"compatopts_for_requires":true,"noframes":null,"override":{"merge_connects":true,"merge_excludes":true,"merge_includes":true,"merge_matches":true,"orig_connects":[],"orig_excludes":[],"orig_includes":[],"orig_matches":["*://*/*"],"orig_noframes":true,"orig_run_at":"document-end","use_blockers":[],"use_connects":[],"use_excludes":[],"use_includes":[],"use_matches":[]},"run_at":null,"sandbox":"DOM","tab_types":null,"unwrap":null},"settings":{"enabled":true,"position":5},"meta":{"name":"自动展开全文（永久 beta 版）","uuid":"ada7b277-89a1-48b1-a006-ad4a1be8c122","modified":1623285322585,"file_url":"https://greasyfork.org/scripts/408153-%E8%87%AA%E5%8A%A8%E5%B1%95%E5%BC%80%E5%85%A8%E6%96%87-%E6%B0%B8%E4%B9%85-beta-%E7%89%88/code/%E8%87%AA%E5%8A%A8%E5%B1%95%E5%BC%80%E5%85%A8%E6%96%87%EF%BC%88%E6%B0%B8%E4%B9%85%20beta%20%E7%89%88%EF%BC%89.user.js"}}