{"options":{"check_for_updates":true,"comment":null,"compat_foreach":false,"compat_metadata":false,"compat_powerful_this":null,"compat_wrappedjsobject":false,"compatopts_for_requires":true,"noframes":null,"override":{"merge_connects":true,"merge_excludes":true,"merge_includes":true,"merge_matches":true,"orig_connects":[],"orig_excludes":[],"orig_includes":[],"orig_matches":["http://mp.weixin.qq.com/s?*","https://mp.weixin.qq.com/s?*","https://mp.weixin.qq.com/s?*","http://mp.weixin.qq.com/s/*","file:///*"],"orig_noframes":null,"orig_run_at":"document-start","use_blockers":[],"use_connects":[],"use_excludes":[],"use_includes":[],"use_matches":[]},"run_at":null,"sandbox":null,"tab_types":null,"unwrap":null},"settings":{"enabled":true,"position":40},"meta":{"name":"获取微信公众号历史消息链接","uuid":"71057134-b31f-4d46-9683-0927b81970d9","modified":1668648360121,"file_url":"https://greasyfork.org/scripts/370729-%E8%8E%B7%E5%8F%96%E5%BE%AE%E4%BF%A1%E5%85%AC%E4%BC%97%E5%8F%B7%E5%8E%86%E5%8F%B2%E6%B6%88%E6%81%AF%E9%93%BE%E6%8E%A5/code/%E8%8E%B7%E5%8F%96%E5%BE%AE%E4%BF%A1%E5%85%AC%E4%BC%97%E5%8F%B7%E5%8E%86%E5%8F%B2%E6%B6%88%E6%81%AF%E9%93%BE%E6%8E%A5.user.js"}}