{"options":{"check_for_updates":true,"comment":null,"compat_foreach":false,"compat_metadata":false,"compat_powerful_this":null,"compat_wrappedjsobject":false,"compatopts_for_requires":true,"noframes":null,"override":{"merge_connects":true,"merge_excludes":true,"merge_includes":true,"merge_matches":true,"orig_connects":[],"orig_excludes":[],"orig_includes":[],"orig_matches":["https://mp.weixin.qq.com/*"],"orig_noframes":null,"orig_run_at":"document-idle","use_blockers":[],"use_connects":[],"use_excludes":[],"use_includes":[],"use_matches":[]},"run_at":null,"sandbox":null,"tab_types":null,"unwrap":null},"settings":{"enabled":true,"position":52},"meta":{"name":"获取微信公众号文章封面","uuid":"42131836-7e48-4e7e-aea8-ef8b6fdd6307","modified":1685859661066,"file_url":"https://greasyfork.org/scripts/452548-%E8%8E%B7%E5%8F%96%E5%BE%AE%E4%BF%A1%E5%85%AC%E4%BC%97%E5%8F%B7%E6%96%87%E7%AB%A0%E5%B0%81%E9%9D%A2/code/%E8%8E%B7%E5%8F%96%E5%BE%AE%E4%BF%A1%E5%85%AC%E4%BC%97%E5%8F%B7%E6%96%87%E7%AB%A0%E5%B0%81%E9%9D%A2.user.js"}}