{"options":{"check_for_updates":true,"comment":null,"compat_foreach":false,"compat_metadata":false,"compat_powerful_this":null,"compat_wrappedjsobject":false,"compatopts_for_requires":true,"noframes":null,"override":{"merge_connects":true,"merge_excludes":true,"merge_includes":true,"merge_matches":true,"orig_connects":[],"orig_excludes":[],"orig_includes":[],"orig_matches":["*://*/*"],"orig_noframes":null,"orig_run_at":"document-start","use_blockers":[],"use_connects":[],"use_excludes":[],"use_includes":[],"use_matches":[]},"run_at":null,"sandbox":null,"tab_types":null,"unwrap":null},"settings":{"enabled":false,"position":9},"meta":{"name":"音视频通用下载器","uuid":"dd33ce5a-ccec-4796-9923-8ce0166f3759","modified":1614818969613,"file_url":"https://greasyfork.org/scripts/382057-%E9%9F%B3%E8%A7%86%E9%A2%91%E9%80%9A%E7%94%A8%E4%B8%8B%E8%BD%BD%E5%99%A8/code/%E9%9F%B3%E8%A7%86%E9%A2%91%E9%80%9A%E7%94%A8%E4%B8%8B%E8%BD%BD%E5%99%A8.user.js"}}