<config>

<server>
<tcp host="pcdownsdk.rcv.sandai.net" port="80"/>
</server>

<priority>
<level id="0" reporttime="0"/>
<level id="1" reporttime="0"/>
<level id="2" reporttime="1"/>
<level id="3" reporttime="-1"/>
<level id="4" reporttime="-2"/>
</priority>

<stat>
<item index="1024" key="TestToolStart" priority="1" />
<item index="1025" key="TestToolNewTaskClick" priority="1" />
<item index="1026" key="TestToolNewTask" priority="1" />
<item index="1027" key="TestToolDelete" priority="1" />
<item index="1028" key="TestToolDoubleClick" priority="1" />
<item index="1029" key="TestToolFinishTask" priority="1" />
<item index="1030" key="TestToolRunningTime" priority="1" />
</stat>

</config>