{
    "url": "https://baoyun.ren",
    "title": "宝云小站",
    "HTMLtitle": "<img src=\"https://cdn.jsdelivr.net/gh/renbaoshuo/baoyun-site/assets/img/baoyun.svg\" style=\"height: 80px; margin-bottom: -25px; margin-top: -10px;\">", 
    "name": "任宝云", 
    "birthInfo": {
        "birthYear": 2020, 
        "birthMonth": 1, 
        "birthDate": 25
    }, 
    "contact": {
        "QQ": "2069818063",
        "Email": "2069818063@qq.com"
    }, 
    "friendLinks": {
        "宝硕博客": "https://baoshuo.blog"
    },
    "description": "宝云小站",
    "keywords": [
        "任宝云",
        "宝云"
    ],
    "styles": {
        "backgroundImgURL": "https://cdn.jsdelivr.net/gh/renbaoshuo/baoyun-site/assets/img/background.jpg"
    }
}